<?xml version="1.0" encoding="UTF-8" ?>
<!-- This is a WordPress eXtended RSS file generated by WordPress as an export of your site. -->
<!-- It contains information about your site's posts, pages, comments, categories, and other content. -->
<!-- You may use this file to transfer that content from one site to another. -->
<!-- This file is not intended to serve as a complete backup of your site. -->

<!-- To import this information into a WordPress site follow these steps: -->
<!-- 1. Log in to that site as an administrator. -->
<!-- 2. Go to Tools: Import in the WordPress admin panel. -->
<!-- 3. Install the "WordPress" importer from the list. -->
<!-- 4. Activate & Run Importer. -->
<!-- 5. Upload this file using the form provided on that page. -->
<!-- 6. You will first be asked to map the authors in this export file to users -->
<!--    on the site. For each author, you may choose to map to an -->
<!--    existing user on the site or to create a new user. -->
<!-- 7. WordPress will then import each of the posts, pages, comments, categories, etc. -->
<!--    contained in this file into your site. -->

	<!-- generator="WordPress/6.4.2" created="2024-01-16 18:18" -->
<rss version="2.0"
	xmlns:excerpt="http://wordpress.org/export/1.2/excerpt/"
	xmlns:content="http://purl.org/rss/1.0/modules/content/"
	xmlns:wfw="http://wellformedweb.org/CommentAPI/"
	xmlns:dc="http://purl.org/dc/elements/1.1/"
	xmlns:wp="http://wordpress.org/export/1.2/"
>

<channel>
	<title>Wahi Travel</title>
	<link>https://dev-wahi-travel.pantheonsite.io</link>
	<description></description>
	<pubDate>Tue, 16 Jan 2024 18:18:59 +0000</pubDate>
	<language>fr-FR</language>
	<wp:wxr_version>1.2</wp:wxr_version>
	<wp:base_site_url>https://dev-wahi-travel.pantheonsite.io</wp:base_site_url>
	<wp:base_blog_url>https://dev-wahi-travel.pantheonsite.io</wp:base_blog_url>

		<wp:author><wp:author_id>1</wp:author_id><wp:author_login><![CDATA[wahi travel]]></wp:author_login><wp:author_email><![CDATA[wahibaharoun78@gmail.com]]></wp:author_email><wp:author_display_name><![CDATA[wahi travel]]></wp:author_display_name><wp:author_first_name><![CDATA[]]></wp:author_first_name><wp:author_last_name><![CDATA[]]></wp:author_last_name></wp:author>

				
	<generator>https://wordpress.org/?v=6.4.2</generator>

		<item>
		<title><![CDATA[Email Notification]]></title>
		<link>https://dev-wahi-travel.pantheonsite.io/frm_form_actions/1_email_1/</link>
		<pubDate>Mon, 06 Apr 2015 17:18:12 +0000</pubDate>
		<dc:creator><![CDATA[]]></dc:creator>
		<guid isPermaLink="false">https://dev-wahi-travel.pantheonsite.io/frm_form_actions/1_email_1/</guid>
		<description></description>
		<content:encoded><![CDATA[{"email_to":"[admin_email]","cc":"","bcc":"","reply_to":"[3]","from":"[sitename] <[admin_email]>","email_subject":"","email_message":"[default-message]","event":["create"],"conditions":{"send_stop":"send","any_all":"any"}}]]></content:encoded>
		<excerpt:encoded><![CDATA[email]]></excerpt:encoded>
		<wp:post_id>30</wp:post_id>
		<wp:post_date><![CDATA[2015-04-06 17:18:12]]></wp:post_date>
		<wp:post_date_gmt><![CDATA[2015-04-06 17:18:12]]></wp:post_date_gmt>
		<wp:post_modified><![CDATA[2015-04-06 17:18:12]]></wp:post_modified>
		<wp:post_modified_gmt><![CDATA[2015-04-06 17:18:12]]></wp:post_modified_gmt>
		<wp:comment_status><![CDATA[open]]></wp:comment_status>
		<wp:ping_status><![CDATA[open]]></wp:ping_status>
		<wp:post_name><![CDATA[1_email_1]]></wp:post_name>
		<wp:status><![CDATA[publish]]></wp:status>
		<wp:post_parent>0</wp:post_parent>
		<wp:menu_order>1</wp:menu_order>
		<wp:post_type><![CDATA[frm_form_actions]]></wp:post_type>
		<wp:post_password><![CDATA[]]></wp:post_password>
		<wp:is_sticky>0</wp:is_sticky>
														</item>
					<item>
		<title><![CDATA[Confirmation]]></title>
		<link>https://dev-wahi-travel.pantheonsite.io/frm_form_actions/2_on_submit_/</link>
		<pubDate>Sat, 13 Jan 2024 15:26:30 +0000</pubDate>
		<dc:creator><![CDATA[wahi travel]]></dc:creator>
		<guid isPermaLink="false">https://dev-wahi-travel.pantheonsite.io/frm_form_actions/2_on_submit_/</guid>
		<description></description>
		<content:encoded><![CDATA[{"success_action":"message","success_msg":"Your responses were successfully submitted. Thank you!","show_form":"","success_url":"","success_page_id":"","open_in_new_tab":"","event":["create"],"conditions":{"send_stop":"","any_all":""}}]]></content:encoded>
		<excerpt:encoded><![CDATA[on_submit]]></excerpt:encoded>
		<wp:post_id>199</wp:post_id>
		<wp:post_date><![CDATA[2024-01-13 15:26:30]]></wp:post_date>
		<wp:post_date_gmt><![CDATA[2024-01-13 15:26:30]]></wp:post_date_gmt>
		<wp:post_modified><![CDATA[2024-01-13 15:26:30]]></wp:post_modified>
		<wp:post_modified_gmt><![CDATA[2024-01-13 15:26:30]]></wp:post_modified_gmt>
		<wp:comment_status><![CDATA[closed]]></wp:comment_status>
		<wp:ping_status><![CDATA[closed]]></wp:ping_status>
		<wp:post_name><![CDATA[2_on_submit_]]></wp:post_name>
		<wp:status><![CDATA[publish]]></wp:status>
		<wp:post_parent>0</wp:post_parent>
		<wp:menu_order>2</wp:menu_order>
		<wp:post_type><![CDATA[frm_form_actions]]></wp:post_type>
		<wp:post_password><![CDATA[]]></wp:post_password>
		<wp:is_sticky>0</wp:is_sticky>
														</item>
					<item>
		<title><![CDATA[Send Email]]></title>
		<link>https://dev-wahi-travel.pantheonsite.io/frm_form_actions/2_email_/</link>
		<pubDate>Sat, 13 Jan 2024 15:26:30 +0000</pubDate>
		<dc:creator><![CDATA[wahi travel]]></dc:creator>
		<guid isPermaLink="false">https://dev-wahi-travel.pantheonsite.io/frm_form_actions/2_email_/</guid>
		<description></description>
		<content:encoded><![CDATA[{"email_to":"[admin_email]","cc":"","bcc":"","from":"[sitename] <[admin_email]>","reply_to":"","email_subject":"","email_message":"[default-message]","inc_user_info":0,"plain_text":0,"event":["create"],"conditions":{"send_stop":"","any_all":""}}]]></content:encoded>
		<excerpt:encoded><![CDATA[email]]></excerpt:encoded>
		<wp:post_id>200</wp:post_id>
		<wp:post_date><![CDATA[2024-01-13 15:26:30]]></wp:post_date>
		<wp:post_date_gmt><![CDATA[2024-01-13 15:26:30]]></wp:post_date_gmt>
		<wp:post_modified><![CDATA[2024-01-13 15:26:30]]></wp:post_modified>
		<wp:post_modified_gmt><![CDATA[2024-01-13 15:26:30]]></wp:post_modified_gmt>
		<wp:comment_status><![CDATA[closed]]></wp:comment_status>
		<wp:ping_status><![CDATA[closed]]></wp:ping_status>
		<wp:post_name><![CDATA[2_email_]]></wp:post_name>
		<wp:status><![CDATA[publish]]></wp:status>
		<wp:post_parent>0</wp:post_parent>
		<wp:menu_order>2</wp:menu_order>
		<wp:post_type><![CDATA[frm_form_actions]]></wp:post_type>
		<wp:post_password><![CDATA[]]></wp:post_password>
		<wp:is_sticky>0</wp:is_sticky>
														</item>
					<item>
		<title><![CDATA[Confirmation]]></title>
		<link>https://dev-wahi-travel.pantheonsite.io/frm_form_actions/confirmation/</link>
		<pubDate>Sat, 13 Jan 2024 15:36:47 +0000</pubDate>
		<dc:creator><![CDATA[wahi travel]]></dc:creator>
		<guid isPermaLink="false">https://dev-wahi-travel.pantheonsite.io/frm_form_actions/confirmation/</guid>
		<description></description>
		<content:encoded><![CDATA[{"event":["create"],"success_action":"message","success_msg":"Your responses were successfully submitted. Thank you!","show_form":""}]]></content:encoded>
		<excerpt:encoded><![CDATA[on_submit]]></excerpt:encoded>
		<wp:post_id>205</wp:post_id>
		<wp:post_date><![CDATA[2024-01-13 15:36:47]]></wp:post_date>
		<wp:post_date_gmt><![CDATA[2024-01-13 15:36:47]]></wp:post_date_gmt>
		<wp:post_modified><![CDATA[2024-01-13 15:36:47]]></wp:post_modified>
		<wp:post_modified_gmt><![CDATA[2024-01-13 15:36:47]]></wp:post_modified_gmt>
		<wp:comment_status><![CDATA[closed]]></wp:comment_status>
		<wp:ping_status><![CDATA[closed]]></wp:ping_status>
		<wp:post_name><![CDATA[confirmation]]></wp:post_name>
		<wp:status><![CDATA[publish]]></wp:status>
		<wp:post_parent>0</wp:post_parent>
		<wp:menu_order>1</wp:menu_order>
		<wp:post_type><![CDATA[frm_form_actions]]></wp:post_type>
		<wp:post_password><![CDATA[]]></wp:post_password>
		<wp:is_sticky>0</wp:is_sticky>
														</item>
				</channel>
</rss>
	