<?xml version="1.0" encoding="UTF-8" ?>
<!-- This is a WordPress eXtended RSS file generated by WordPress as an export of your site. -->
<!-- It contains information about your site's posts, pages, comments, categories, and other content. -->
<!-- You may use this file to transfer that content from one site to another. -->
<!-- This file is not intended to serve as a complete backup of your site. -->

<!-- To import this information into a WordPress site follow these steps: -->
<!-- 1. Log in to that site as an administrator. -->
<!-- 2. Go to Tools: Import in the WordPress admin panel. -->
<!-- 3. Install the "WordPress" importer from the list. -->
<!-- 4. Activate & Run Importer. -->
<!-- 5. Upload this file using the form provided on that page. -->
<!-- 6. You will first be asked to map the authors in this export file to users -->
<!--    on the site. For each author, you may choose to map to an -->
<!--    existing user on the site or to create a new user. -->
<!-- 7. WordPress will then import each of the posts, pages, comments, categories, etc. -->
<!--    contained in this file into your site. -->

	<!-- generator="WordPress/6.4.2" created="2024-01-16 18:19" -->
<rss version="2.0"
	xmlns:excerpt="http://wordpress.org/export/1.2/excerpt/"
	xmlns:content="http://purl.org/rss/1.0/modules/content/"
	xmlns:wfw="http://wellformedweb.org/CommentAPI/"
	xmlns:dc="http://purl.org/dc/elements/1.1/"
	xmlns:wp="http://wordpress.org/export/1.2/"
>

<channel>
	<title>Wahi Travel</title>
	<link>https://dev-wahi-travel.pantheonsite.io</link>
	<description></description>
	<pubDate>Tue, 16 Jan 2024 18:19:06 +0000</pubDate>
	<language>fr-FR</language>
	<wp:wxr_version>1.2</wp:wxr_version>
	<wp:base_site_url>https://dev-wahi-travel.pantheonsite.io</wp:base_site_url>
	<wp:base_blog_url>https://dev-wahi-travel.pantheonsite.io</wp:base_blog_url>

		<wp:author><wp:author_id>1</wp:author_id><wp:author_login><![CDATA[wahi travel]]></wp:author_login><wp:author_email><![CDATA[wahibaharoun78@gmail.com]]></wp:author_email><wp:author_display_name><![CDATA[wahi travel]]></wp:author_display_name><wp:author_first_name><![CDATA[]]></wp:author_first_name><wp:author_last_name><![CDATA[]]></wp:author_last_name></wp:author>

				
	<generator>https://wordpress.org/?v=6.4.2</generator>

		<item>
		<title><![CDATA[alley-89197_640]]></title>
		<link>https://dev-wahi-travel.pantheonsite.io/alley-89197_640/</link>
		<pubDate>Fri, 12 Jan 2024 19:49:24 +0000</pubDate>
		<dc:creator><![CDATA[wahi travel]]></dc:creator>
		<guid isPermaLink="false">https://dev-wahi-travel.pantheonsite.io/wp-content/uploads/2024/01/alley-89197_640.jpg</guid>
		<description></description>
		<content:encoded><![CDATA[]]></content:encoded>
		<excerpt:encoded><![CDATA[]]></excerpt:encoded>
		<wp:post_id>41</wp:post_id>
		<wp:post_date><![CDATA[2024-01-12 19:49:24]]></wp:post_date>
		<wp:post_date_gmt><![CDATA[2024-01-12 19:49:24]]></wp:post_date_gmt>
		<wp:post_modified><![CDATA[2024-01-12 19:49:24]]></wp:post_modified>
		<wp:post_modified_gmt><![CDATA[2024-01-12 19:49:24]]></wp:post_modified_gmt>
		<wp:comment_status><![CDATA[open]]></wp:comment_status>
		<wp:ping_status><![CDATA[closed]]></wp:ping_status>
		<wp:post_name><![CDATA[alley-89197_640]]></wp:post_name>
		<wp:status><![CDATA[inherit]]></wp:status>
		<wp:post_parent>0</wp:post_parent>
		<wp:menu_order>0</wp:menu_order>
		<wp:post_type><![CDATA[attachment]]></wp:post_type>
		<wp:post_password><![CDATA[]]></wp:post_password>
		<wp:is_sticky>0</wp:is_sticky>
						<wp:attachment_url><![CDATA[https://dev-wahi-travel.pantheonsite.io/wp-content/uploads/2024/01/alley-89197_640.jpg]]></wp:attachment_url>
											<wp:postmeta>
		<wp:meta_key><![CDATA[_wp_attached_file]]></wp:meta_key>
		<wp:meta_value><![CDATA[2024/01/alley-89197_640.jpg]]></wp:meta_value>
		</wp:postmeta>
							<wp:postmeta>
		<wp:meta_key><![CDATA[_wp_attachment_metadata]]></wp:meta_key>
		<wp:meta_value><![CDATA[a:6:{s:5:"width";i:640;s:6:"height";i:434;s:4:"file";s:27:"2024/01/alley-89197_640.jpg";s:8:"filesize";i:108069;s:5:"sizes";a:3:{s:6:"medium";a:5:{s:4:"file";s:27:"alley-89197_640-300x203.jpg";s:5:"width";i:300;s:6:"height";i:203;s:9:"mime-type";s:10:"image/jpeg";s:8:"filesize";i:13860;}s:9:"thumbnail";a:5:{s:4:"file";s:27:"alley-89197_640-150x150.jpg";s:5:"width";i:150;s:6:"height";i:150;s:9:"mime-type";s:10:"image/jpeg";s:8:"filesize";i:5532;}s:14:"post-thumbnail";a:5:{s:4:"file";s:27:"alley-89197_640-604x270.jpg";s:5:"width";i:604;s:6:"height";i:270;s:9:"mime-type";s:10:"image/jpeg";s:8:"filesize";i:37090;}}s:10:"image_meta";a:12:{s:8:"aperture";s:1:"0";s:6:"credit";s:0:"";s:6:"camera";s:0:"";s:7:"caption";s:0:"";s:17:"created_timestamp";s:1:"0";s:9:"copyright";s:0:"";s:12:"focal_length";s:1:"0";s:3:"iso";s:1:"0";s:13:"shutter_speed";s:1:"0";s:5:"title";s:0:"";s:11:"orientation";s:1:"0";s:8:"keywords";a:0:{}}}]]></wp:meta_value>
		</wp:postmeta>
							</item>
					<item>
		<title><![CDATA[barn-2689956_1280]]></title>
		<link>https://dev-wahi-travel.pantheonsite.io/barn-2689956_1280/</link>
		<pubDate>Fri, 12 Jan 2024 19:49:43 +0000</pubDate>
		<dc:creator><![CDATA[wahi travel]]></dc:creator>
		<guid isPermaLink="false">https://dev-wahi-travel.pantheonsite.io/wp-content/uploads/2024/01/barn-2689956_1280.jpg</guid>
		<description></description>
		<content:encoded><![CDATA[]]></content:encoded>
		<excerpt:encoded><![CDATA[]]></excerpt:encoded>
		<wp:post_id>42</wp:post_id>
		<wp:post_date><![CDATA[2024-01-12 19:49:43]]></wp:post_date>
		<wp:post_date_gmt><![CDATA[2024-01-12 19:49:43]]></wp:post_date_gmt>
		<wp:post_modified><![CDATA[2024-01-12 19:49:43]]></wp:post_modified>
		<wp:post_modified_gmt><![CDATA[2024-01-12 19:49:43]]></wp:post_modified_gmt>
		<wp:comment_status><![CDATA[open]]></wp:comment_status>
		<wp:ping_status><![CDATA[closed]]></wp:ping_status>
		<wp:post_name><![CDATA[barn-2689956_1280]]></wp:post_name>
		<wp:status><![CDATA[inherit]]></wp:status>
		<wp:post_parent>0</wp:post_parent>
		<wp:menu_order>0</wp:menu_order>
		<wp:post_type><![CDATA[attachment]]></wp:post_type>
		<wp:post_password><![CDATA[]]></wp:post_password>
		<wp:is_sticky>0</wp:is_sticky>
						<wp:attachment_url><![CDATA[https://dev-wahi-travel.pantheonsite.io/wp-content/uploads/2024/01/barn-2689956_1280.jpg]]></wp:attachment_url>
											<wp:postmeta>
		<wp:meta_key><![CDATA[_wp_attached_file]]></wp:meta_key>
		<wp:meta_value><![CDATA[2024/01/barn-2689956_1280.jpg]]></wp:meta_value>
		</wp:postmeta>
							<wp:postmeta>
		<wp:meta_key><![CDATA[_wp_attachment_metadata]]></wp:meta_key>
		<wp:meta_value><![CDATA[a:6:{s:5:"width";i:1280;s:6:"height";i:809;s:4:"file";s:29:"2024/01/barn-2689956_1280.jpg";s:8:"filesize";i:379912;s:5:"sizes";a:5:{s:6:"medium";a:5:{s:4:"file";s:29:"barn-2689956_1280-300x190.jpg";s:5:"width";i:300;s:6:"height";i:190;s:9:"mime-type";s:10:"image/jpeg";s:8:"filesize";i:14587;}s:5:"large";a:5:{s:4:"file";s:30:"barn-2689956_1280-1024x647.jpg";s:5:"width";i:1024;s:6:"height";i:647;s:9:"mime-type";s:10:"image/jpeg";s:8:"filesize";i:150179;}s:9:"thumbnail";a:5:{s:4:"file";s:29:"barn-2689956_1280-150x150.jpg";s:5:"width";i:150;s:6:"height";i:150;s:9:"mime-type";s:10:"image/jpeg";s:8:"filesize";i:5848;}s:12:"medium_large";a:5:{s:4:"file";s:29:"barn-2689956_1280-768x485.jpg";s:5:"width";i:768;s:6:"height";i:485;s:9:"mime-type";s:10:"image/jpeg";s:8:"filesize";i:87252;}s:14:"post-thumbnail";a:5:{s:4:"file";s:29:"barn-2689956_1280-604x270.jpg";s:5:"width";i:604;s:6:"height";i:270;s:9:"mime-type";s:10:"image/jpeg";s:8:"filesize";i:38290;}}s:10:"image_meta";a:12:{s:8:"aperture";s:1:"0";s:6:"credit";s:0:"";s:6:"camera";s:0:"";s:7:"caption";s:0:"";s:17:"created_timestamp";s:1:"0";s:9:"copyright";s:0:"";s:12:"focal_length";s:1:"0";s:3:"iso";s:1:"0";s:13:"shutter_speed";s:1:"0";s:5:"title";s:0:"";s:11:"orientation";s:1:"0";s:8:"keywords";a:0:{}}}]]></wp:meta_value>
		</wp:postmeta>
							</item>
					<item>
		<title><![CDATA[desert-790640_1280]]></title>
		<link>https://dev-wahi-travel.pantheonsite.io/desert-790640_1280/</link>
		<pubDate>Fri, 12 Jan 2024 19:50:08 +0000</pubDate>
		<dc:creator><![CDATA[wahi travel]]></dc:creator>
		<guid isPermaLink="false">https://dev-wahi-travel.pantheonsite.io/wp-content/uploads/2024/01/desert-790640_1280.jpg</guid>
		<description></description>
		<content:encoded><![CDATA[]]></content:encoded>
		<excerpt:encoded><![CDATA[]]></excerpt:encoded>
		<wp:post_id>44</wp:post_id>
		<wp:post_date><![CDATA[2024-01-12 19:50:08]]></wp:post_date>
		<wp:post_date_gmt><![CDATA[2024-01-12 19:50:08]]></wp:post_date_gmt>
		<wp:post_modified><![CDATA[2024-01-12 19:50:08]]></wp:post_modified>
		<wp:post_modified_gmt><![CDATA[2024-01-12 19:50:08]]></wp:post_modified_gmt>
		<wp:comment_status><![CDATA[open]]></wp:comment_status>
		<wp:ping_status><![CDATA[closed]]></wp:ping_status>
		<wp:post_name><![CDATA[desert-790640_1280]]></wp:post_name>
		<wp:status><![CDATA[inherit]]></wp:status>
		<wp:post_parent>0</wp:post_parent>
		<wp:menu_order>0</wp:menu_order>
		<wp:post_type><![CDATA[attachment]]></wp:post_type>
		<wp:post_password><![CDATA[]]></wp:post_password>
		<wp:is_sticky>0</wp:is_sticky>
						<wp:attachment_url><![CDATA[https://dev-wahi-travel.pantheonsite.io/wp-content/uploads/2024/01/desert-790640_1280.jpg]]></wp:attachment_url>
											<wp:postmeta>
		<wp:meta_key><![CDATA[_wp_attached_file]]></wp:meta_key>
		<wp:meta_value><![CDATA[2024/01/desert-790640_1280.jpg]]></wp:meta_value>
		</wp:postmeta>
							<wp:postmeta>
		<wp:meta_key><![CDATA[_wp_attachment_metadata]]></wp:meta_key>
		<wp:meta_value><![CDATA[a:6:{s:5:"width";i:1280;s:6:"height";i:960;s:4:"file";s:30:"2024/01/desert-790640_1280.jpg";s:8:"filesize";i:291604;s:5:"sizes";a:5:{s:6:"medium";a:5:{s:4:"file";s:30:"desert-790640_1280-300x225.jpg";s:5:"width";i:300;s:6:"height";i:225;s:9:"mime-type";s:10:"image/jpeg";s:8:"filesize";i:11597;}s:5:"large";a:5:{s:4:"file";s:31:"desert-790640_1280-1024x768.jpg";s:5:"width";i:1024;s:6:"height";i:768;s:9:"mime-type";s:10:"image/jpeg";s:8:"filesize";i:98884;}s:9:"thumbnail";a:5:{s:4:"file";s:30:"desert-790640_1280-150x150.jpg";s:5:"width";i:150;s:6:"height";i:150;s:9:"mime-type";s:10:"image/jpeg";s:8:"filesize";i:4609;}s:12:"medium_large";a:5:{s:4:"file";s:30:"desert-790640_1280-768x576.jpg";s:5:"width";i:768;s:6:"height";i:576;s:9:"mime-type";s:10:"image/jpeg";s:8:"filesize";i:58001;}s:14:"post-thumbnail";a:5:{s:4:"file";s:30:"desert-790640_1280-604x270.jpg";s:5:"width";i:604;s:6:"height";i:270;s:9:"mime-type";s:10:"image/jpeg";s:8:"filesize";i:26041;}}s:10:"image_meta";a:12:{s:8:"aperture";s:1:"0";s:6:"credit";s:0:"";s:6:"camera";s:0:"";s:7:"caption";s:0:"";s:17:"created_timestamp";s:1:"0";s:9:"copyright";s:0:"";s:12:"focal_length";s:1:"0";s:3:"iso";s:1:"0";s:13:"shutter_speed";s:1:"0";s:5:"title";s:0:"";s:11:"orientation";s:1:"0";s:8:"keywords";a:0:{}}}]]></wp:meta_value>
		</wp:postmeta>
							</item>
					<item>
		<title><![CDATA[tourists-2129565_1280]]></title>
		<link>https://dev-wahi-travel.pantheonsite.io/tourists-2129565_1280/</link>
		<pubDate>Fri, 12 Jan 2024 19:50:26 +0000</pubDate>
		<dc:creator><![CDATA[wahi travel]]></dc:creator>
		<guid isPermaLink="false">https://dev-wahi-travel.pantheonsite.io/wp-content/uploads/2024/01/tourists-2129565_1280.jpg</guid>
		<description></description>
		<content:encoded><![CDATA[]]></content:encoded>
		<excerpt:encoded><![CDATA[]]></excerpt:encoded>
		<wp:post_id>45</wp:post_id>
		<wp:post_date><![CDATA[2024-01-12 19:50:26]]></wp:post_date>
		<wp:post_date_gmt><![CDATA[2024-01-12 19:50:26]]></wp:post_date_gmt>
		<wp:post_modified><![CDATA[2024-01-12 19:50:26]]></wp:post_modified>
		<wp:post_modified_gmt><![CDATA[2024-01-12 19:50:26]]></wp:post_modified_gmt>
		<wp:comment_status><![CDATA[open]]></wp:comment_status>
		<wp:ping_status><![CDATA[closed]]></wp:ping_status>
		<wp:post_name><![CDATA[tourists-2129565_1280]]></wp:post_name>
		<wp:status><![CDATA[inherit]]></wp:status>
		<wp:post_parent>0</wp:post_parent>
		<wp:menu_order>0</wp:menu_order>
		<wp:post_type><![CDATA[attachment]]></wp:post_type>
		<wp:post_password><![CDATA[]]></wp:post_password>
		<wp:is_sticky>0</wp:is_sticky>
						<wp:attachment_url><![CDATA[https://dev-wahi-travel.pantheonsite.io/wp-content/uploads/2024/01/tourists-2129565_1280.jpg]]></wp:attachment_url>
											<wp:postmeta>
		<wp:meta_key><![CDATA[_wp_attached_file]]></wp:meta_key>
		<wp:meta_value><![CDATA[2024/01/tourists-2129565_1280.jpg]]></wp:meta_value>
		</wp:postmeta>
							<wp:postmeta>
		<wp:meta_key><![CDATA[_wp_attachment_metadata]]></wp:meta_key>
		<wp:meta_value><![CDATA[a:6:{s:5:"width";i:1280;s:6:"height";i:853;s:4:"file";s:33:"2024/01/tourists-2129565_1280.jpg";s:8:"filesize";i:653398;s:5:"sizes";a:5:{s:6:"medium";a:5:{s:4:"file";s:33:"tourists-2129565_1280-300x200.jpg";s:5:"width";i:300;s:6:"height";i:200;s:9:"mime-type";s:10:"image/jpeg";s:8:"filesize";i:22044;}s:5:"large";a:5:{s:4:"file";s:34:"tourists-2129565_1280-1024x682.jpg";s:5:"width";i:1024;s:6:"height";i:682;s:9:"mime-type";s:10:"image/jpeg";s:8:"filesize";i:249562;}s:9:"thumbnail";a:5:{s:4:"file";s:33:"tourists-2129565_1280-150x150.jpg";s:5:"width";i:150;s:6:"height";i:150;s:9:"mime-type";s:10:"image/jpeg";s:8:"filesize";i:8783;}s:12:"medium_large";a:5:{s:4:"file";s:33:"tourists-2129565_1280-768x512.jpg";s:5:"width";i:768;s:6:"height";i:512;s:9:"mime-type";s:10:"image/jpeg";s:8:"filesize";i:141525;}s:14:"post-thumbnail";a:5:{s:4:"file";s:33:"tourists-2129565_1280-604x270.jpg";s:5:"width";i:604;s:6:"height";i:270;s:9:"mime-type";s:10:"image/jpeg";s:8:"filesize";i:60039;}}s:10:"image_meta";a:12:{s:8:"aperture";s:1:"0";s:6:"credit";s:0:"";s:6:"camera";s:0:"";s:7:"caption";s:0:"";s:17:"created_timestamp";s:1:"0";s:9:"copyright";s:0:"";s:12:"focal_length";s:1:"0";s:3:"iso";s:1:"0";s:13:"shutter_speed";s:1:"0";s:5:"title";s:0:"";s:11:"orientation";s:1:"0";s:8:"keywords";a:0:{}}}]]></wp:meta_value>
		</wp:postmeta>
							</item>
					<item>
		<title><![CDATA[pexels-axp-photography-16563676]]></title>
		<link>https://dev-wahi-travel.pantheonsite.io/pexels-axp-photography-16563676/</link>
		<pubDate>Fri, 12 Jan 2024 19:50:46 +0000</pubDate>
		<dc:creator><![CDATA[wahi travel]]></dc:creator>
		<guid isPermaLink="false">https://dev-wahi-travel.pantheonsite.io/wp-content/uploads/2024/01/pexels-axp-photography-16563676.jpg</guid>
		<description></description>
		<content:encoded><![CDATA[]]></content:encoded>
		<excerpt:encoded><![CDATA[]]></excerpt:encoded>
		<wp:post_id>46</wp:post_id>
		<wp:post_date><![CDATA[2024-01-12 19:50:46]]></wp:post_date>
		<wp:post_date_gmt><![CDATA[2024-01-12 19:50:46]]></wp:post_date_gmt>
		<wp:post_modified><![CDATA[2024-01-12 19:50:46]]></wp:post_modified>
		<wp:post_modified_gmt><![CDATA[2024-01-12 19:50:46]]></wp:post_modified_gmt>
		<wp:comment_status><![CDATA[open]]></wp:comment_status>
		<wp:ping_status><![CDATA[closed]]></wp:ping_status>
		<wp:post_name><![CDATA[pexels-axp-photography-16563676]]></wp:post_name>
		<wp:status><![CDATA[inherit]]></wp:status>
		<wp:post_parent>0</wp:post_parent>
		<wp:menu_order>0</wp:menu_order>
		<wp:post_type><![CDATA[attachment]]></wp:post_type>
		<wp:post_password><![CDATA[]]></wp:post_password>
		<wp:is_sticky>0</wp:is_sticky>
						<wp:attachment_url><![CDATA[https://dev-wahi-travel.pantheonsite.io/wp-content/uploads/2024/01/pexels-axp-photography-16563676-scaled.jpg]]></wp:attachment_url>
											<wp:postmeta>
		<wp:meta_key><![CDATA[_wp_attached_file]]></wp:meta_key>
		<wp:meta_value><![CDATA[2024/01/pexels-axp-photography-16563676-scaled.jpg]]></wp:meta_value>
		</wp:postmeta>
							<wp:postmeta>
		<wp:meta_key><![CDATA[_wp_attachment_metadata]]></wp:meta_key>
		<wp:meta_value><![CDATA[a:7:{s:5:"width";i:1707;s:6:"height";i:2560;s:4:"file";s:50:"2024/01/pexels-axp-photography-16563676-scaled.jpg";s:8:"filesize";i:858868;s:5:"sizes";a:3:{s:6:"medium";a:5:{s:4:"file";s:43:"pexels-axp-photography-16563676-200x300.jpg";s:5:"width";i:200;s:6:"height";i:300;s:9:"mime-type";s:10:"image/jpeg";s:8:"filesize";i:21581;}s:5:"large";a:5:{s:4:"file";s:44:"pexels-axp-photography-16563676-683x1024.jpg";s:5:"width";i:683;s:6:"height";i:1024;s:9:"mime-type";s:10:"image/jpeg";s:8:"filesize";i:164856;}s:9:"thumbnail";a:5:{s:4:"file";s:43:"pexels-axp-photography-16563676-150x150.jpg";s:5:"width";i:150;s:6:"height";i:150;s:9:"mime-type";s:10:"image/jpeg";s:8:"filesize";i:11931;}}s:10:"image_meta";a:12:{s:8:"aperture";s:1:"0";s:6:"credit";s:0:"";s:6:"camera";s:0:"";s:7:"caption";s:0:"";s:17:"created_timestamp";s:1:"0";s:9:"copyright";s:0:"";s:12:"focal_length";s:1:"0";s:3:"iso";s:1:"0";s:13:"shutter_speed";s:1:"0";s:5:"title";s:0:"";s:11:"orientation";s:1:"0";s:8:"keywords";a:0:{}}s:14:"original_image";s:35:"pexels-axp-photography-16563676.jpg";}]]></wp:meta_value>
		</wp:postmeta>
							</item>
					<item>
		<title><![CDATA[pexels-johannes-beckmann-19568852]]></title>
		<link>https://dev-wahi-travel.pantheonsite.io/pexels-johannes-beckmann-19568852/</link>
		<pubDate>Fri, 12 Jan 2024 19:51:05 +0000</pubDate>
		<dc:creator><![CDATA[wahi travel]]></dc:creator>
		<guid isPermaLink="false">https://dev-wahi-travel.pantheonsite.io/wp-content/uploads/2024/01/pexels-johannes-beckmann-19568852.jpg</guid>
		<description></description>
		<content:encoded><![CDATA[]]></content:encoded>
		<excerpt:encoded><![CDATA[]]></excerpt:encoded>
		<wp:post_id>47</wp:post_id>
		<wp:post_date><![CDATA[2024-01-12 19:51:05]]></wp:post_date>
		<wp:post_date_gmt><![CDATA[2024-01-12 19:51:05]]></wp:post_date_gmt>
		<wp:post_modified><![CDATA[2024-01-12 19:51:05]]></wp:post_modified>
		<wp:post_modified_gmt><![CDATA[2024-01-12 19:51:05]]></wp:post_modified_gmt>
		<wp:comment_status><![CDATA[open]]></wp:comment_status>
		<wp:ping_status><![CDATA[closed]]></wp:ping_status>
		<wp:post_name><![CDATA[pexels-johannes-beckmann-19568852]]></wp:post_name>
		<wp:status><![CDATA[inherit]]></wp:status>
		<wp:post_parent>0</wp:post_parent>
		<wp:menu_order>0</wp:menu_order>
		<wp:post_type><![CDATA[attachment]]></wp:post_type>
		<wp:post_password><![CDATA[]]></wp:post_password>
		<wp:is_sticky>0</wp:is_sticky>
						<wp:attachment_url><![CDATA[https://dev-wahi-travel.pantheonsite.io/wp-content/uploads/2024/01/pexels-johannes-beckmann-19568852-scaled.jpg]]></wp:attachment_url>
											<wp:postmeta>
		<wp:meta_key><![CDATA[_wp_attached_file]]></wp:meta_key>
		<wp:meta_value><![CDATA[2024/01/pexels-johannes-beckmann-19568852-scaled.jpg]]></wp:meta_value>
		</wp:postmeta>
							<wp:postmeta>
		<wp:meta_key><![CDATA[_wp_attachment_metadata]]></wp:meta_key>
		<wp:meta_value><![CDATA[a:7:{s:5:"width";i:1707;s:6:"height";i:2560;s:4:"file";s:52:"2024/01/pexels-johannes-beckmann-19568852-scaled.jpg";s:8:"filesize";i:531071;s:5:"sizes";a:3:{s:6:"medium";a:5:{s:4:"file";s:45:"pexels-johannes-beckmann-19568852-200x300.jpg";s:5:"width";i:200;s:6:"height";i:300;s:9:"mime-type";s:10:"image/jpeg";s:8:"filesize";i:12163;}s:5:"large";a:5:{s:4:"file";s:46:"pexels-johannes-beckmann-19568852-683x1024.jpg";s:5:"width";i:683;s:6:"height";i:1024;s:9:"mime-type";s:10:"image/jpeg";s:8:"filesize";i:91836;}s:9:"thumbnail";a:5:{s:4:"file";s:45:"pexels-johannes-beckmann-19568852-150x150.jpg";s:5:"width";i:150;s:6:"height";i:150;s:9:"mime-type";s:10:"image/jpeg";s:8:"filesize";i:7138;}}s:10:"image_meta";a:12:{s:8:"aperture";s:1:"0";s:6:"credit";s:0:"";s:6:"camera";s:0:"";s:7:"caption";s:0:"";s:17:"created_timestamp";s:1:"0";s:9:"copyright";s:0:"";s:12:"focal_length";s:1:"0";s:3:"iso";s:1:"0";s:13:"shutter_speed";s:1:"0";s:5:"title";s:0:"";s:11:"orientation";s:1:"0";s:8:"keywords";a:0:{}}s:14:"original_image";s:37:"pexels-johannes-beckmann-19568852.jpg";}]]></wp:meta_value>
		</wp:postmeta>
							</item>
					<item>
		<title><![CDATA[pexels-artem-saranin-1547813]]></title>
		<link>https://dev-wahi-travel.pantheonsite.io/pexels-artem-saranin-1547813/</link>
		<pubDate>Fri, 12 Jan 2024 19:51:47 +0000</pubDate>
		<dc:creator><![CDATA[wahi travel]]></dc:creator>
		<guid isPermaLink="false">https://dev-wahi-travel.pantheonsite.io/wp-content/uploads/2024/01/pexels-artem-saranin-1547813.jpg</guid>
		<description></description>
		<content:encoded><![CDATA[]]></content:encoded>
		<excerpt:encoded><![CDATA[]]></excerpt:encoded>
		<wp:post_id>48</wp:post_id>
		<wp:post_date><![CDATA[2024-01-12 19:51:47]]></wp:post_date>
		<wp:post_date_gmt><![CDATA[2024-01-12 19:51:47]]></wp:post_date_gmt>
		<wp:post_modified><![CDATA[2024-01-12 19:51:47]]></wp:post_modified>
		<wp:post_modified_gmt><![CDATA[2024-01-12 19:51:47]]></wp:post_modified_gmt>
		<wp:comment_status><![CDATA[open]]></wp:comment_status>
		<wp:ping_status><![CDATA[closed]]></wp:ping_status>
		<wp:post_name><![CDATA[pexels-artem-saranin-1547813]]></wp:post_name>
		<wp:status><![CDATA[inherit]]></wp:status>
		<wp:post_parent>0</wp:post_parent>
		<wp:menu_order>0</wp:menu_order>
		<wp:post_type><![CDATA[attachment]]></wp:post_type>
		<wp:post_password><![CDATA[]]></wp:post_password>
		<wp:is_sticky>0</wp:is_sticky>
						<wp:attachment_url><![CDATA[https://dev-wahi-travel.pantheonsite.io/wp-content/uploads/2024/01/pexels-artem-saranin-1547813-scaled.jpg]]></wp:attachment_url>
											<wp:postmeta>
		<wp:meta_key><![CDATA[_wp_attached_file]]></wp:meta_key>
		<wp:meta_value><![CDATA[2024/01/pexels-artem-saranin-1547813-scaled.jpg]]></wp:meta_value>
		</wp:postmeta>
							<wp:postmeta>
		<wp:meta_key><![CDATA[_wp_attachment_metadata]]></wp:meta_key>
		<wp:meta_value><![CDATA[a:7:{s:5:"width";i:1707;s:6:"height";i:2560;s:4:"file";s:47:"2024/01/pexels-artem-saranin-1547813-scaled.jpg";s:8:"filesize";i:1241690;s:5:"sizes";a:4:{s:6:"medium";a:5:{s:4:"file";s:40:"pexels-artem-saranin-1547813-200x300.jpg";s:5:"width";i:200;s:6:"height";i:300;s:9:"mime-type";s:10:"image/jpeg";s:8:"filesize";i:23661;}s:5:"large";a:5:{s:4:"file";s:41:"pexels-artem-saranin-1547813-683x1024.jpg";s:5:"width";i:683;s:6:"height";i:1024;s:9:"mime-type";s:10:"image/jpeg";s:8:"filesize";i:241149;}s:9:"thumbnail";a:5:{s:4:"file";s:40:"pexels-artem-saranin-1547813-150x150.jpg";s:5:"width";i:150;s:6:"height";i:150;s:9:"mime-type";s:10:"image/jpeg";s:8:"filesize";i:10585;}s:12:"medium_large";a:5:{s:4:"file";s:41:"pexels-artem-saranin-1547813-768x1152.jpg";s:5:"width";i:768;s:6:"height";i:1152;s:9:"mime-type";s:10:"image/jpeg";s:8:"filesize";i:298540;}}s:10:"image_meta";a:12:{s:8:"aperture";s:1:"0";s:6:"credit";s:0:"";s:6:"camera";s:0:"";s:7:"caption";s:0:"";s:17:"created_timestamp";s:1:"0";s:9:"copyright";s:0:"";s:12:"focal_length";s:1:"0";s:3:"iso";s:1:"0";s:13:"shutter_speed";s:1:"0";s:5:"title";s:0:"";s:11:"orientation";s:1:"0";s:8:"keywords";a:0:{}}s:14:"original_image";s:32:"pexels-artem-saranin-1547813.jpg";}]]></wp:meta_value>
		</wp:postmeta>
							</item>
					<item>
		<title><![CDATA[2ecf7364cd78b7222311518159a72179]]></title>
		<link>https://dev-wahi-travel.pantheonsite.io/accuiel/2ecf7364cd78b7222311518159a72179/</link>
		<pubDate>Fri, 12 Jan 2024 20:11:44 +0000</pubDate>
		<dc:creator><![CDATA[wahi travel]]></dc:creator>
		<guid isPermaLink="false">https://dev-wahi-travel.pantheonsite.io/wp-content/uploads/2024/01/2ecf7364cd78b7222311518159a72179.jpg</guid>
		<description></description>
		<content:encoded><![CDATA[]]></content:encoded>
		<excerpt:encoded><![CDATA[]]></excerpt:encoded>
		<wp:post_id>56</wp:post_id>
		<wp:post_date><![CDATA[2024-01-12 20:11:44]]></wp:post_date>
		<wp:post_date_gmt><![CDATA[2024-01-12 20:11:44]]></wp:post_date_gmt>
		<wp:post_modified><![CDATA[2024-01-12 20:11:44]]></wp:post_modified>
		<wp:post_modified_gmt><![CDATA[2024-01-12 20:11:44]]></wp:post_modified_gmt>
		<wp:comment_status><![CDATA[open]]></wp:comment_status>
		<wp:ping_status><![CDATA[closed]]></wp:ping_status>
		<wp:post_name><![CDATA[2ecf7364cd78b7222311518159a72179]]></wp:post_name>
		<wp:status><![CDATA[inherit]]></wp:status>
		<wp:post_parent>8</wp:post_parent>
		<wp:menu_order>0</wp:menu_order>
		<wp:post_type><![CDATA[attachment]]></wp:post_type>
		<wp:post_password><![CDATA[]]></wp:post_password>
		<wp:is_sticky>0</wp:is_sticky>
						<wp:attachment_url><![CDATA[https://dev-wahi-travel.pantheonsite.io/wp-content/uploads/2024/01/2ecf7364cd78b7222311518159a72179.jpg]]></wp:attachment_url>
											<wp:postmeta>
		<wp:meta_key><![CDATA[_wp_attached_file]]></wp:meta_key>
		<wp:meta_value><![CDATA[2024/01/2ecf7364cd78b7222311518159a72179.jpg]]></wp:meta_value>
		</wp:postmeta>
							<wp:postmeta>
		<wp:meta_key><![CDATA[_wp_attachment_metadata]]></wp:meta_key>
		<wp:meta_value><![CDATA[a:6:{s:5:"width";i:564;s:6:"height";i:564;s:4:"file";s:44:"2024/01/2ecf7364cd78b7222311518159a72179.jpg";s:8:"filesize";i:19264;s:5:"sizes";a:3:{s:6:"medium";a:5:{s:4:"file";s:44:"2ecf7364cd78b7222311518159a72179-300x300.jpg";s:5:"width";i:300;s:6:"height";i:300;s:9:"mime-type";s:10:"image/jpeg";s:8:"filesize";i:8677;}s:9:"thumbnail";a:5:{s:4:"file";s:44:"2ecf7364cd78b7222311518159a72179-150x150.jpg";s:5:"width";i:150;s:6:"height";i:150;s:9:"mime-type";s:10:"image/jpeg";s:8:"filesize";i:3573;}s:14:"post-thumbnail";a:5:{s:4:"file";s:44:"2ecf7364cd78b7222311518159a72179-564x270.jpg";s:5:"width";i:564;s:6:"height";i:270;s:9:"mime-type";s:10:"image/jpeg";s:8:"filesize";i:16911;}}s:10:"image_meta";a:12:{s:8:"aperture";s:1:"0";s:6:"credit";s:0:"";s:6:"camera";s:0:"";s:7:"caption";s:0:"";s:17:"created_timestamp";s:1:"0";s:9:"copyright";s:0:"";s:12:"focal_length";s:1:"0";s:3:"iso";s:1:"0";s:13:"shutter_speed";s:1:"0";s:5:"title";s:0:"";s:11:"orientation";s:1:"0";s:8:"keywords";a:0:{}}}]]></wp:meta_value>
		</wp:postmeta>
							</item>
					<item>
		<title><![CDATA[cropped-2ecf7364cd78b7222311518159a72179.jpg]]></title>
		<link>https://dev-wahi-travel.pantheonsite.io/cropped-2ecf7364cd78b7222311518159a72179-jpg/</link>
		<pubDate>Sat, 13 Jan 2024 07:05:10 +0000</pubDate>
		<dc:creator><![CDATA[wahi travel]]></dc:creator>
		<guid isPermaLink="false">https://dev-wahi-travel.pantheonsite.io/wp-content/uploads/2024/01/cropped-2ecf7364cd78b7222311518159a72179.jpg</guid>
		<description></description>
		<content:encoded><![CDATA[https://dev-wahi-travel.pantheonsite.io/wp-content/uploads/2024/01/cropped-2ecf7364cd78b7222311518159a72179.jpg]]></content:encoded>
		<excerpt:encoded><![CDATA[]]></excerpt:encoded>
		<wp:post_id>62</wp:post_id>
		<wp:post_date><![CDATA[2024-01-13 07:05:10]]></wp:post_date>
		<wp:post_date_gmt><![CDATA[2024-01-13 07:05:10]]></wp:post_date_gmt>
		<wp:post_modified><![CDATA[2024-01-13 07:05:10]]></wp:post_modified>
		<wp:post_modified_gmt><![CDATA[2024-01-13 07:05:10]]></wp:post_modified_gmt>
		<wp:comment_status><![CDATA[open]]></wp:comment_status>
		<wp:ping_status><![CDATA[closed]]></wp:ping_status>
		<wp:post_name><![CDATA[cropped-2ecf7364cd78b7222311518159a72179-jpg]]></wp:post_name>
		<wp:status><![CDATA[inherit]]></wp:status>
		<wp:post_parent>0</wp:post_parent>
		<wp:menu_order>0</wp:menu_order>
		<wp:post_type><![CDATA[attachment]]></wp:post_type>
		<wp:post_password><![CDATA[]]></wp:post_password>
		<wp:is_sticky>0</wp:is_sticky>
						<wp:attachment_url><![CDATA[https://dev-wahi-travel.pantheonsite.io/wp-content/uploads/2024/01/cropped-2ecf7364cd78b7222311518159a72179.jpg]]></wp:attachment_url>
											<wp:postmeta>
		<wp:meta_key><![CDATA[_wp_attached_file]]></wp:meta_key>
		<wp:meta_value><![CDATA[2024/01/cropped-2ecf7364cd78b7222311518159a72179.jpg]]></wp:meta_value>
		</wp:postmeta>
							<wp:postmeta>
		<wp:meta_key><![CDATA[_wp_attachment_context]]></wp:meta_key>
		<wp:meta_value><![CDATA[site-icon]]></wp:meta_value>
		</wp:postmeta>
							<wp:postmeta>
		<wp:meta_key><![CDATA[_wp_attachment_metadata]]></wp:meta_key>
		<wp:meta_value><![CDATA[a:6:{s:5:"width";i:512;s:6:"height";i:512;s:4:"file";s:52:"2024/01/cropped-2ecf7364cd78b7222311518159a72179.jpg";s:8:"filesize";i:17316;s:5:"sizes";a:7:{s:6:"medium";a:5:{s:4:"file";s:52:"cropped-2ecf7364cd78b7222311518159a72179-300x300.jpg";s:5:"width";i:300;s:6:"height";i:300;s:9:"mime-type";s:10:"image/jpeg";s:8:"filesize";i:8504;}s:9:"thumbnail";a:5:{s:4:"file";s:52:"cropped-2ecf7364cd78b7222311518159a72179-150x150.jpg";s:5:"width";i:150;s:6:"height";i:150;s:9:"mime-type";s:10:"image/jpeg";s:8:"filesize";i:3533;}s:14:"post-thumbnail";a:5:{s:4:"file";s:52:"cropped-2ecf7364cd78b7222311518159a72179-512x270.jpg";s:5:"width";i:512;s:6:"height";i:270;s:9:"mime-type";s:10:"image/jpeg";s:8:"filesize";i:14860;}s:13:"site_icon-270";a:5:{s:4:"file";s:52:"cropped-2ecf7364cd78b7222311518159a72179-270x270.jpg";s:5:"width";i:270;s:6:"height";i:270;s:9:"mime-type";s:10:"image/jpeg";s:8:"filesize";i:7363;}s:13:"site_icon-192";a:5:{s:4:"file";s:52:"cropped-2ecf7364cd78b7222311518159a72179-192x192.jpg";s:5:"width";i:192;s:6:"height";i:192;s:9:"mime-type";s:10:"image/jpeg";s:8:"filesize";i:4802;}s:13:"site_icon-180";a:5:{s:4:"file";s:52:"cropped-2ecf7364cd78b7222311518159a72179-180x180.jpg";s:5:"width";i:180;s:6:"height";i:180;s:9:"mime-type";s:10:"image/jpeg";s:8:"filesize";i:4543;}s:12:"site_icon-32";a:5:{s:4:"file";s:50:"cropped-2ecf7364cd78b7222311518159a72179-32x32.jpg";s:5:"width";i:32;s:6:"height";i:32;s:9:"mime-type";s:10:"image/jpeg";s:8:"filesize";i:668;}}s:10:"image_meta";a:12:{s:8:"aperture";s:1:"0";s:6:"credit";s:0:"";s:6:"camera";s:0:"";s:7:"caption";s:0:"";s:17:"created_timestamp";s:1:"0";s:9:"copyright";s:0:"";s:12:"focal_length";s:1:"0";s:3:"iso";s:1:"0";s:13:"shutter_speed";s:1:"0";s:5:"title";s:0:"";s:11:"orientation";s:1:"0";s:8:"keywords";a:0:{}}}]]></wp:meta_value>
		</wp:postmeta>
							</item>
					<item>
		<title><![CDATA[femme-angle-eleve-travaillant-comme-agent-voyage (1)]]></title>
		<link>https://dev-wahi-travel.pantheonsite.io/accuiel/femme-angle-eleve-travaillant-comme-agent-voyage-1/</link>
		<pubDate>Sat, 13 Jan 2024 09:19:06 +0000</pubDate>
		<dc:creator><![CDATA[wahi travel]]></dc:creator>
		<guid isPermaLink="false">https://dev-wahi-travel.pantheonsite.io/wp-content/uploads/2024/01/femme-angle-eleve-travaillant-comme-agent-voyage-1.jpg</guid>
		<description></description>
		<content:encoded><![CDATA[]]></content:encoded>
		<excerpt:encoded><![CDATA[]]></excerpt:encoded>
		<wp:post_id>87</wp:post_id>
		<wp:post_date><![CDATA[2024-01-13 09:19:06]]></wp:post_date>
		<wp:post_date_gmt><![CDATA[2024-01-13 09:19:06]]></wp:post_date_gmt>
		<wp:post_modified><![CDATA[2024-01-13 09:19:06]]></wp:post_modified>
		<wp:post_modified_gmt><![CDATA[2024-01-13 09:19:06]]></wp:post_modified_gmt>
		<wp:comment_status><![CDATA[open]]></wp:comment_status>
		<wp:ping_status><![CDATA[closed]]></wp:ping_status>
		<wp:post_name><![CDATA[femme-angle-eleve-travaillant-comme-agent-voyage-1]]></wp:post_name>
		<wp:status><![CDATA[inherit]]></wp:status>
		<wp:post_parent>8</wp:post_parent>
		<wp:menu_order>0</wp:menu_order>
		<wp:post_type><![CDATA[attachment]]></wp:post_type>
		<wp:post_password><![CDATA[]]></wp:post_password>
		<wp:is_sticky>0</wp:is_sticky>
						<wp:attachment_url><![CDATA[https://dev-wahi-travel.pantheonsite.io/wp-content/uploads/2024/01/femme-angle-eleve-travaillant-comme-agent-voyage-1.jpg]]></wp:attachment_url>
											<wp:postmeta>
		<wp:meta_key><![CDATA[_wp_attached_file]]></wp:meta_key>
		<wp:meta_value><![CDATA[2024/01/femme-angle-eleve-travaillant-comme-agent-voyage-1.jpg]]></wp:meta_value>
		</wp:postmeta>
							</item>
					<item>
		<title><![CDATA[femme-angle-eleve-travaillant-comme-agent-voyage]]></title>
		<link>https://dev-wahi-travel.pantheonsite.io/accuiel/femme-angle-eleve-travaillant-comme-agent-voyage/</link>
		<pubDate>Sat, 13 Jan 2024 09:19:42 +0000</pubDate>
		<dc:creator><![CDATA[wahi travel]]></dc:creator>
		<guid isPermaLink="false">https://dev-wahi-travel.pantheonsite.io/wp-content/uploads/2024/01/femme-angle-eleve-travaillant-comme-agent-voyage.jpg</guid>
		<description></description>
		<content:encoded><![CDATA[]]></content:encoded>
		<excerpt:encoded><![CDATA[]]></excerpt:encoded>
		<wp:post_id>88</wp:post_id>
		<wp:post_date><![CDATA[2024-01-13 09:19:42]]></wp:post_date>
		<wp:post_date_gmt><![CDATA[2024-01-13 09:19:42]]></wp:post_date_gmt>
		<wp:post_modified><![CDATA[2024-01-13 09:19:42]]></wp:post_modified>
		<wp:post_modified_gmt><![CDATA[2024-01-13 09:19:42]]></wp:post_modified_gmt>
		<wp:comment_status><![CDATA[open]]></wp:comment_status>
		<wp:ping_status><![CDATA[closed]]></wp:ping_status>
		<wp:post_name><![CDATA[femme-angle-eleve-travaillant-comme-agent-voyage]]></wp:post_name>
		<wp:status><![CDATA[inherit]]></wp:status>
		<wp:post_parent>8</wp:post_parent>
		<wp:menu_order>0</wp:menu_order>
		<wp:post_type><![CDATA[attachment]]></wp:post_type>
		<wp:post_password><![CDATA[]]></wp:post_password>
		<wp:is_sticky>0</wp:is_sticky>
						<wp:attachment_url><![CDATA[https://dev-wahi-travel.pantheonsite.io/wp-content/uploads/2024/01/femme-angle-eleve-travaillant-comme-agent-voyage.jpg]]></wp:attachment_url>
											<wp:postmeta>
		<wp:meta_key><![CDATA[_wp_attached_file]]></wp:meta_key>
		<wp:meta_value><![CDATA[2024/01/femme-angle-eleve-travaillant-comme-agent-voyage.jpg]]></wp:meta_value>
		</wp:postmeta>
							</item>
					<item>
		<title><![CDATA[pexels-george-milton-7014337]]></title>
		<link>https://dev-wahi-travel.pantheonsite.io/accuiel/pexels-george-milton-7014337/</link>
		<pubDate>Sat, 13 Jan 2024 09:21:12 +0000</pubDate>
		<dc:creator><![CDATA[wahi travel]]></dc:creator>
		<guid isPermaLink="false">https://dev-wahi-travel.pantheonsite.io/wp-content/uploads/2024/01/pexels-george-milton-7014337.jpg</guid>
		<description></description>
		<content:encoded><![CDATA[]]></content:encoded>
		<excerpt:encoded><![CDATA[]]></excerpt:encoded>
		<wp:post_id>89</wp:post_id>
		<wp:post_date><![CDATA[2024-01-13 09:21:12]]></wp:post_date>
		<wp:post_date_gmt><![CDATA[2024-01-13 09:21:12]]></wp:post_date_gmt>
		<wp:post_modified><![CDATA[2024-01-13 09:21:12]]></wp:post_modified>
		<wp:post_modified_gmt><![CDATA[2024-01-13 09:21:12]]></wp:post_modified_gmt>
		<wp:comment_status><![CDATA[open]]></wp:comment_status>
		<wp:ping_status><![CDATA[closed]]></wp:ping_status>
		<wp:post_name><![CDATA[pexels-george-milton-7014337]]></wp:post_name>
		<wp:status><![CDATA[inherit]]></wp:status>
		<wp:post_parent>8</wp:post_parent>
		<wp:menu_order>0</wp:menu_order>
		<wp:post_type><![CDATA[attachment]]></wp:post_type>
		<wp:post_password><![CDATA[]]></wp:post_password>
		<wp:is_sticky>0</wp:is_sticky>
						<wp:attachment_url><![CDATA[https://dev-wahi-travel.pantheonsite.io/wp-content/uploads/2024/01/pexels-george-milton-7014337-scaled.jpg]]></wp:attachment_url>
											<wp:postmeta>
		<wp:meta_key><![CDATA[_wp_attached_file]]></wp:meta_key>
		<wp:meta_value><![CDATA[2024/01/pexels-george-milton-7014337-scaled.jpg]]></wp:meta_value>
		</wp:postmeta>
							<wp:postmeta>
		<wp:meta_key><![CDATA[_wp_attachment_metadata]]></wp:meta_key>
		<wp:meta_value><![CDATA[a:7:{s:5:"width";i:2560;s:6:"height";i:1707;s:4:"file";s:47:"2024/01/pexels-george-milton-7014337-scaled.jpg";s:8:"filesize";i:340527;s:5:"sizes";a:4:{s:6:"medium";a:5:{s:4:"file";s:40:"pexels-george-milton-7014337-300x200.jpg";s:5:"width";i:300;s:6:"height";i:200;s:9:"mime-type";s:10:"image/jpeg";s:8:"filesize";i:15160;}s:5:"large";a:5:{s:4:"file";s:41:"pexels-george-milton-7014337-1024x683.jpg";s:5:"width";i:1024;s:6:"height";i:683;s:9:"mime-type";s:10:"image/jpeg";s:8:"filesize";i:73867;}s:9:"thumbnail";a:5:{s:4:"file";s:40:"pexels-george-milton-7014337-150x150.jpg";s:5:"width";i:150;s:6:"height";i:150;s:9:"mime-type";s:10:"image/jpeg";s:8:"filesize";i:8870;}s:12:"medium_large";a:5:{s:4:"file";s:40:"pexels-george-milton-7014337-768x512.jpg";s:5:"width";i:768;s:6:"height";i:512;s:9:"mime-type";s:10:"image/jpeg";s:8:"filesize";i:49452;}}s:10:"image_meta";a:12:{s:8:"aperture";s:1:"0";s:6:"credit";s:0:"";s:6:"camera";s:0:"";s:7:"caption";s:0:"";s:17:"created_timestamp";s:1:"0";s:9:"copyright";s:0:"";s:12:"focal_length";s:1:"0";s:3:"iso";s:1:"0";s:13:"shutter_speed";s:1:"0";s:5:"title";s:0:"";s:11:"orientation";s:1:"0";s:8:"keywords";a:0:{}}s:14:"original_image";s:32:"pexels-george-milton-7014337.jpg";}]]></wp:meta_value>
		</wp:postmeta>
							</item>
					<item>
		<title><![CDATA[AMADEUS]]></title>
		<link>https://dev-wahi-travel.pantheonsite.io/amadeus/</link>
		<pubDate>Sat, 13 Jan 2024 09:51:34 +0000</pubDate>
		<dc:creator><![CDATA[wahi travel]]></dc:creator>
		<guid isPermaLink="false">https://dev-wahi-travel.pantheonsite.io/wp-content/uploads/2024/01/AMADEUS.pdf</guid>
		<description></description>
		<content:encoded><![CDATA[]]></content:encoded>
		<excerpt:encoded><![CDATA[]]></excerpt:encoded>
		<wp:post_id>103</wp:post_id>
		<wp:post_date><![CDATA[2024-01-13 09:51:34]]></wp:post_date>
		<wp:post_date_gmt><![CDATA[2024-01-13 09:51:34]]></wp:post_date_gmt>
		<wp:post_modified><![CDATA[2024-01-13 09:51:34]]></wp:post_modified>
		<wp:post_modified_gmt><![CDATA[2024-01-13 09:51:34]]></wp:post_modified_gmt>
		<wp:comment_status><![CDATA[open]]></wp:comment_status>
		<wp:ping_status><![CDATA[closed]]></wp:ping_status>
		<wp:post_name><![CDATA[amadeus]]></wp:post_name>
		<wp:status><![CDATA[inherit]]></wp:status>
		<wp:post_parent>0</wp:post_parent>
		<wp:menu_order>0</wp:menu_order>
		<wp:post_type><![CDATA[attachment]]></wp:post_type>
		<wp:post_password><![CDATA[]]></wp:post_password>
		<wp:is_sticky>0</wp:is_sticky>
						<wp:attachment_url><![CDATA[https://dev-wahi-travel.pantheonsite.io/wp-content/uploads/2024/01/AMADEUS.pdf]]></wp:attachment_url>
											<wp:postmeta>
		<wp:meta_key><![CDATA[_wp_attached_file]]></wp:meta_key>
		<wp:meta_value><![CDATA[2024/01/AMADEUS.pdf]]></wp:meta_value>
		</wp:postmeta>
							<wp:postmeta>
		<wp:meta_key><![CDATA[_wp_attachment_metadata]]></wp:meta_key>
		<wp:meta_value><![CDATA[a:2:{s:5:"sizes";a:4:{s:4:"full";a:5:{s:4:"file";s:15:"AMADEUS-pdf.jpg";s:5:"width";i:1058;s:6:"height";i:1497;s:9:"mime-type";s:10:"image/jpeg";s:8:"filesize";i:228895;}s:6:"medium";a:5:{s:4:"file";s:23:"AMADEUS-pdf-212x300.jpg";s:5:"width";i:212;s:6:"height";i:300;s:9:"mime-type";s:10:"image/jpeg";s:8:"filesize";i:13734;}s:5:"large";a:5:{s:4:"file";s:24:"AMADEUS-pdf-724x1024.jpg";s:5:"width";i:724;s:6:"height";i:1024;s:9:"mime-type";s:10:"image/jpeg";s:8:"filesize";i:117234;}s:9:"thumbnail";a:5:{s:4:"file";s:23:"AMADEUS-pdf-106x150.jpg";s:5:"width";i:106;s:6:"height";i:150;s:9:"mime-type";s:10:"image/jpeg";s:8:"filesize";i:4418;}}s:8:"filesize";i:132559;}]]></wp:meta_value>
		</wp:postmeta>
							</item>
					<item>
		<title><![CDATA[clouds-country-daylight-371633]]></title>
		<link>https://dev-wahi-travel.pantheonsite.io/clouds-country-daylight-371633/</link>
		<pubDate>Sat, 13 Jan 2024 10:03:17 +0000</pubDate>
		<dc:creator><![CDATA[wahi travel]]></dc:creator>
		<guid isPermaLink="false">https://dev-wahi-travel.pantheonsite.io/wp-content/uploads/2024/01/clouds-country-daylight-371633.jpg</guid>
		<description></description>
		<content:encoded><![CDATA[]]></content:encoded>
		<excerpt:encoded><![CDATA[]]></excerpt:encoded>
		<wp:post_id>109</wp:post_id>
		<wp:post_date><![CDATA[2024-01-13 10:03:17]]></wp:post_date>
		<wp:post_date_gmt><![CDATA[2024-01-13 10:03:17]]></wp:post_date_gmt>
		<wp:post_modified><![CDATA[2024-01-13 10:03:17]]></wp:post_modified>
		<wp:post_modified_gmt><![CDATA[2024-01-13 10:03:17]]></wp:post_modified_gmt>
		<wp:comment_status><![CDATA[open]]></wp:comment_status>
		<wp:ping_status><![CDATA[closed]]></wp:ping_status>
		<wp:post_name><![CDATA[clouds-country-daylight-371633]]></wp:post_name>
		<wp:status><![CDATA[inherit]]></wp:status>
		<wp:post_parent>0</wp:post_parent>
		<wp:menu_order>0</wp:menu_order>
		<wp:post_type><![CDATA[attachment]]></wp:post_type>
		<wp:post_password><![CDATA[]]></wp:post_password>
		<wp:is_sticky>0</wp:is_sticky>
						<wp:attachment_url><![CDATA[https://dev-wahi-travel.pantheonsite.io/wp-content/uploads/2024/01/clouds-country-daylight-371633-scaled.jpg]]></wp:attachment_url>
											<wp:postmeta>
		<wp:meta_key><![CDATA[_wp_attached_file]]></wp:meta_key>
		<wp:meta_value><![CDATA[2024/01/clouds-country-daylight-371633-scaled.jpg]]></wp:meta_value>
		</wp:postmeta>
							<wp:postmeta>
		<wp:meta_key><![CDATA[_wp_attachment_metadata]]></wp:meta_key>
		<wp:meta_value><![CDATA[a:7:{s:5:"width";i:2560;s:6:"height";i:1606;s:4:"file";s:49:"2024/01/clouds-country-daylight-371633-scaled.jpg";s:8:"filesize";i:873046;s:5:"sizes";a:6:{s:6:"medium";a:5:{s:4:"file";s:42:"clouds-country-daylight-371633-300x188.jpg";s:5:"width";i:300;s:6:"height";i:188;s:9:"mime-type";s:10:"image/jpeg";s:8:"filesize";i:20795;}s:5:"large";a:5:{s:4:"file";s:43:"clouds-country-daylight-371633-1024x642.jpg";s:5:"width";i:1024;s:6:"height";i:642;s:9:"mime-type";s:10:"image/jpeg";s:8:"filesize";i:179913;}s:9:"thumbnail";a:5:{s:4:"file";s:42:"clouds-country-daylight-371633-150x150.jpg";s:5:"width";i:150;s:6:"height";i:150;s:9:"mime-type";s:10:"image/jpeg";s:8:"filesize";i:10391;}s:12:"medium_large";a:5:{s:4:"file";s:42:"clouds-country-daylight-371633-768x482.jpg";s:5:"width";i:768;s:6:"height";i:482;s:9:"mime-type";s:10:"image/jpeg";s:8:"filesize";i:105532;}s:9:"1536x1536";a:5:{s:4:"file";s:43:"clouds-country-daylight-371633-1536x964.jpg";s:5:"width";i:1536;s:6:"height";i:964;s:9:"mime-type";s:10:"image/jpeg";s:8:"filesize";i:376498;}s:9:"2048x2048";a:5:{s:4:"file";s:44:"clouds-country-daylight-371633-2048x1285.jpg";s:5:"width";i:2048;s:6:"height";i:1285;s:9:"mime-type";s:10:"image/jpeg";s:8:"filesize";i:612867;}}s:10:"image_meta";a:12:{s:8:"aperture";s:1:"0";s:6:"credit";s:0:"";s:6:"camera";s:0:"";s:7:"caption";s:0:"";s:17:"created_timestamp";s:1:"0";s:9:"copyright";s:0:"";s:12:"focal_length";s:1:"0";s:3:"iso";s:1:"0";s:13:"shutter_speed";s:1:"0";s:5:"title";s:0:"";s:11:"orientation";s:1:"0";s:8:"keywords";a:0:{}}s:14:"original_image";s:34:"clouds-country-daylight-371633.jpg";}]]></wp:meta_value>
		</wp:postmeta>
							</item>
					<item>
		<title><![CDATA[snow-landscape-mountains-443446]]></title>
		<link>https://dev-wahi-travel.pantheonsite.io/snow-landscape-mountains-443446/</link>
		<pubDate>Sat, 13 Jan 2024 10:03:39 +0000</pubDate>
		<dc:creator><![CDATA[wahi travel]]></dc:creator>
		<guid isPermaLink="false">https://dev-wahi-travel.pantheonsite.io/wp-content/uploads/2024/01/snow-landscape-mountains-443446.jpg</guid>
		<description></description>
		<content:encoded><![CDATA[]]></content:encoded>
		<excerpt:encoded><![CDATA[]]></excerpt:encoded>
		<wp:post_id>110</wp:post_id>
		<wp:post_date><![CDATA[2024-01-13 10:03:39]]></wp:post_date>
		<wp:post_date_gmt><![CDATA[2024-01-13 10:03:39]]></wp:post_date_gmt>
		<wp:post_modified><![CDATA[2024-01-13 10:03:39]]></wp:post_modified>
		<wp:post_modified_gmt><![CDATA[2024-01-13 10:03:39]]></wp:post_modified_gmt>
		<wp:comment_status><![CDATA[open]]></wp:comment_status>
		<wp:ping_status><![CDATA[closed]]></wp:ping_status>
		<wp:post_name><![CDATA[snow-landscape-mountains-443446]]></wp:post_name>
		<wp:status><![CDATA[inherit]]></wp:status>
		<wp:post_parent>0</wp:post_parent>
		<wp:menu_order>0</wp:menu_order>
		<wp:post_type><![CDATA[attachment]]></wp:post_type>
		<wp:post_password><![CDATA[]]></wp:post_password>
		<wp:is_sticky>0</wp:is_sticky>
						<wp:attachment_url><![CDATA[https://dev-wahi-travel.pantheonsite.io/wp-content/uploads/2024/01/snow-landscape-mountains-443446-scaled.jpg]]></wp:attachment_url>
											<wp:postmeta>
		<wp:meta_key><![CDATA[_wp_attached_file]]></wp:meta_key>
		<wp:meta_value><![CDATA[2024/01/snow-landscape-mountains-443446-scaled.jpg]]></wp:meta_value>
		</wp:postmeta>
							<wp:postmeta>
		<wp:meta_key><![CDATA[_wp_attachment_metadata]]></wp:meta_key>
		<wp:meta_value><![CDATA[a:7:{s:5:"width";i:2560;s:6:"height";i:1654;s:4:"file";s:50:"2024/01/snow-landscape-mountains-443446-scaled.jpg";s:8:"filesize";i:1024426;s:5:"sizes";a:4:{s:6:"medium";a:5:{s:4:"file";s:43:"snow-landscape-mountains-443446-300x194.jpg";s:5:"width";i:300;s:6:"height";i:194;s:9:"mime-type";s:10:"image/jpeg";s:8:"filesize";i:24249;}s:5:"large";a:5:{s:4:"file";s:44:"snow-landscape-mountains-443446-1024x662.jpg";s:5:"width";i:1024;s:6:"height";i:662;s:9:"mime-type";s:10:"image/jpeg";s:8:"filesize";i:200395;}s:9:"thumbnail";a:5:{s:4:"file";s:43:"snow-landscape-mountains-443446-150x150.jpg";s:5:"width";i:150;s:6:"height";i:150;s:9:"mime-type";s:10:"image/jpeg";s:8:"filesize";i:10981;}s:12:"medium_large";a:5:{s:4:"file";s:43:"snow-landscape-mountains-443446-768x496.jpg";s:5:"width";i:768;s:6:"height";i:496;s:9:"mime-type";s:10:"image/jpeg";s:8:"filesize";i:119325;}}s:10:"image_meta";a:12:{s:8:"aperture";s:1:"0";s:6:"credit";s:0:"";s:6:"camera";s:0:"";s:7:"caption";s:0:"";s:17:"created_timestamp";s:1:"0";s:9:"copyright";s:0:"";s:12:"focal_length";s:1:"0";s:3:"iso";s:1:"0";s:13:"shutter_speed";s:1:"0";s:5:"title";s:0:"";s:11:"orientation";s:1:"0";s:8:"keywords";a:0:{}}s:14:"original_image";s:35:"snow-landscape-mountains-443446.jpg";}]]></wp:meta_value>
		</wp:postmeta>
							</item>
					<item>
		<title><![CDATA[cropped-cropped-2ecf7364cd78b7222311518159a72179.jpg]]></title>
		<link>https://dev-wahi-travel.pantheonsite.io/cropped-cropped-2ecf7364cd78b7222311518159a72179-jpg/</link>
		<pubDate>Sat, 13 Jan 2024 11:02:10 +0000</pubDate>
		<dc:creator><![CDATA[wahi travel]]></dc:creator>
		<guid isPermaLink="false">https://dev-wahi-travel.pantheonsite.io/wp-content/uploads/2024/01/cropped-cropped-2ecf7364cd78b7222311518159a72179.jpg</guid>
		<description></description>
		<content:encoded><![CDATA[https://dev-wahi-travel.pantheonsite.io/wp-content/uploads/2024/01/cropped-2ecf7364cd78b7222311518159a72179.jpg]]></content:encoded>
		<excerpt:encoded><![CDATA[]]></excerpt:encoded>
		<wp:post_id>144</wp:post_id>
		<wp:post_date><![CDATA[2024-01-13 11:02:10]]></wp:post_date>
		<wp:post_date_gmt><![CDATA[2024-01-13 11:02:10]]></wp:post_date_gmt>
		<wp:post_modified><![CDATA[2024-01-13 11:02:10]]></wp:post_modified>
		<wp:post_modified_gmt><![CDATA[2024-01-13 11:02:10]]></wp:post_modified_gmt>
		<wp:comment_status><![CDATA[open]]></wp:comment_status>
		<wp:ping_status><![CDATA[closed]]></wp:ping_status>
		<wp:post_name><![CDATA[cropped-cropped-2ecf7364cd78b7222311518159a72179-jpg]]></wp:post_name>
		<wp:status><![CDATA[inherit]]></wp:status>
		<wp:post_parent>0</wp:post_parent>
		<wp:menu_order>0</wp:menu_order>
		<wp:post_type><![CDATA[attachment]]></wp:post_type>
		<wp:post_password><![CDATA[]]></wp:post_password>
		<wp:is_sticky>0</wp:is_sticky>
						<wp:attachment_url><![CDATA[https://dev-wahi-travel.pantheonsite.io/wp-content/uploads/2024/01/cropped-cropped-2ecf7364cd78b7222311518159a72179.jpg]]></wp:attachment_url>
											<wp:postmeta>
		<wp:meta_key><![CDATA[_wp_attached_file]]></wp:meta_key>
		<wp:meta_value><![CDATA[2024/01/cropped-cropped-2ecf7364cd78b7222311518159a72179.jpg]]></wp:meta_value>
		</wp:postmeta>
							<wp:postmeta>
		<wp:meta_key><![CDATA[_wp_attachment_context]]></wp:meta_key>
		<wp:meta_value><![CDATA[custom-logo]]></wp:meta_value>
		</wp:postmeta>
							<wp:postmeta>
		<wp:meta_key><![CDATA[_wp_attachment_metadata]]></wp:meta_key>
		<wp:meta_value><![CDATA[a:6:{s:5:"width";i:400;s:6:"height";i:316;s:4:"file";s:60:"2024/01/cropped-cropped-2ecf7364cd78b7222311518159a72179.jpg";s:8:"filesize";i:15294;s:5:"sizes";a:3:{s:6:"medium";a:5:{s:4:"file";s:60:"cropped-cropped-2ecf7364cd78b7222311518159a72179-300x237.jpg";s:5:"width";i:300;s:6:"height";i:237;s:9:"mime-type";s:10:"image/jpeg";s:8:"filesize";i:10282;}s:9:"thumbnail";a:5:{s:4:"file";s:60:"cropped-cropped-2ecf7364cd78b7222311518159a72179-150x150.jpg";s:5:"width";i:150;s:6:"height";i:150;s:9:"mime-type";s:10:"image/jpeg";s:8:"filesize";i:5265;}s:13:"ast-logo-size";a:5:{s:4:"file";s:58:"cropped-cropped-2ecf7364cd78b7222311518159a72179-60x47.jpg";s:5:"width";i:60;s:6:"height";i:47;s:9:"mime-type";s:10:"image/jpeg";s:8:"filesize";i:1416;}}s:10:"image_meta";a:12:{s:8:"aperture";s:1:"0";s:6:"credit";s:0:"";s:6:"camera";s:0:"";s:7:"caption";s:0:"";s:17:"created_timestamp";s:1:"0";s:9:"copyright";s:0:"";s:12:"focal_length";s:1:"0";s:3:"iso";s:1:"0";s:13:"shutter_speed";s:1:"0";s:5:"title";s:0:"";s:11:"orientation";s:1:"0";s:8:"keywords";a:0:{}}}]]></wp:meta_value>
		</wp:postmeta>
							</item>
					<item>
		<title><![CDATA[pexels-ali-burak-cesur-19738542]]></title>
		<link>https://dev-wahi-travel.pantheonsite.io/accuiel/pexels-ali-burak-cesur-19738542/</link>
		<pubDate>Sat, 13 Jan 2024 11:57:36 +0000</pubDate>
		<dc:creator><![CDATA[wahi travel]]></dc:creator>
		<guid isPermaLink="false">https://dev-wahi-travel.pantheonsite.io/wp-content/uploads/2024/01/pexels-ali-burak-cesur-19738542.jpg</guid>
		<description></description>
		<content:encoded><![CDATA[]]></content:encoded>
		<excerpt:encoded><![CDATA[]]></excerpt:encoded>
		<wp:post_id>152</wp:post_id>
		<wp:post_date><![CDATA[2024-01-13 11:57:36]]></wp:post_date>
		<wp:post_date_gmt><![CDATA[2024-01-13 11:57:36]]></wp:post_date_gmt>
		<wp:post_modified><![CDATA[2024-01-13 11:57:36]]></wp:post_modified>
		<wp:post_modified_gmt><![CDATA[2024-01-13 11:57:36]]></wp:post_modified_gmt>
		<wp:comment_status><![CDATA[open]]></wp:comment_status>
		<wp:ping_status><![CDATA[closed]]></wp:ping_status>
		<wp:post_name><![CDATA[pexels-ali-burak-cesur-19738542]]></wp:post_name>
		<wp:status><![CDATA[inherit]]></wp:status>
		<wp:post_parent>8</wp:post_parent>
		<wp:menu_order>0</wp:menu_order>
		<wp:post_type><![CDATA[attachment]]></wp:post_type>
		<wp:post_password><![CDATA[]]></wp:post_password>
		<wp:is_sticky>0</wp:is_sticky>
						<wp:attachment_url><![CDATA[https://dev-wahi-travel.pantheonsite.io/wp-content/uploads/2024/01/pexels-ali-burak-cesur-19738542-scaled.jpg]]></wp:attachment_url>
											<wp:postmeta>
		<wp:meta_key><![CDATA[_wp_attached_file]]></wp:meta_key>
		<wp:meta_value><![CDATA[2024/01/pexels-ali-burak-cesur-19738542-scaled.jpg]]></wp:meta_value>
		</wp:postmeta>
							<wp:postmeta>
		<wp:meta_key><![CDATA[_wp_attachment_metadata]]></wp:meta_key>
		<wp:meta_value><![CDATA[a:7:{s:5:"width";i:2560;s:6:"height";i:1707;s:4:"file";s:50:"2024/01/pexels-ali-burak-cesur-19738542-scaled.jpg";s:8:"filesize";i:424255;s:5:"sizes";a:4:{s:6:"medium";a:5:{s:4:"file";s:43:"pexels-ali-burak-cesur-19738542-300x200.jpg";s:5:"width";i:300;s:6:"height";i:200;s:9:"mime-type";s:10:"image/jpeg";s:8:"filesize";i:12244;}s:5:"large";a:5:{s:4:"file";s:44:"pexels-ali-burak-cesur-19738542-1024x683.jpg";s:5:"width";i:1024;s:6:"height";i:683;s:9:"mime-type";s:10:"image/jpeg";s:8:"filesize";i:84618;}s:9:"thumbnail";a:5:{s:4:"file";s:43:"pexels-ali-burak-cesur-19738542-150x150.jpg";s:5:"width";i:150;s:6:"height";i:150;s:9:"mime-type";s:10:"image/jpeg";s:8:"filesize";i:7373;}s:12:"medium_large";a:5:{s:4:"file";s:43:"pexels-ali-burak-cesur-19738542-768x512.jpg";s:5:"width";i:768;s:6:"height";i:512;s:9:"mime-type";s:10:"image/jpeg";s:8:"filesize";i:51349;}}s:10:"image_meta";a:12:{s:8:"aperture";s:1:"0";s:6:"credit";s:0:"";s:6:"camera";s:0:"";s:7:"caption";s:0:"";s:17:"created_timestamp";s:1:"0";s:9:"copyright";s:0:"";s:12:"focal_length";s:1:"0";s:3:"iso";s:1:"0";s:13:"shutter_speed";s:1:"0";s:5:"title";s:0:"";s:11:"orientation";s:1:"0";s:8:"keywords";a:0:{}}s:14:"original_image";s:35:"pexels-ali-burak-cesur-19738542.jpg";}]]></wp:meta_value>
		</wp:postmeta>
							</item>
					<item>
		<title><![CDATA[pexels-luca-luperto-19771983]]></title>
		<link>https://dev-wahi-travel.pantheonsite.io/accuiel/pexels-luca-luperto-19771983/</link>
		<pubDate>Sat, 13 Jan 2024 11:57:47 +0000</pubDate>
		<dc:creator><![CDATA[wahi travel]]></dc:creator>
		<guid isPermaLink="false">https://dev-wahi-travel.pantheonsite.io/wp-content/uploads/2024/01/pexels-luca-luperto-19771983.jpg</guid>
		<description></description>
		<content:encoded><![CDATA[]]></content:encoded>
		<excerpt:encoded><![CDATA[]]></excerpt:encoded>
		<wp:post_id>153</wp:post_id>
		<wp:post_date><![CDATA[2024-01-13 11:57:47]]></wp:post_date>
		<wp:post_date_gmt><![CDATA[2024-01-13 11:57:47]]></wp:post_date_gmt>
		<wp:post_modified><![CDATA[2024-01-13 11:57:47]]></wp:post_modified>
		<wp:post_modified_gmt><![CDATA[2024-01-13 11:57:47]]></wp:post_modified_gmt>
		<wp:comment_status><![CDATA[open]]></wp:comment_status>
		<wp:ping_status><![CDATA[closed]]></wp:ping_status>
		<wp:post_name><![CDATA[pexels-luca-luperto-19771983]]></wp:post_name>
		<wp:status><![CDATA[inherit]]></wp:status>
		<wp:post_parent>8</wp:post_parent>
		<wp:menu_order>0</wp:menu_order>
		<wp:post_type><![CDATA[attachment]]></wp:post_type>
		<wp:post_password><![CDATA[]]></wp:post_password>
		<wp:is_sticky>0</wp:is_sticky>
						<wp:attachment_url><![CDATA[https://dev-wahi-travel.pantheonsite.io/wp-content/uploads/2024/01/pexels-luca-luperto-19771983-scaled.jpg]]></wp:attachment_url>
											<wp:postmeta>
		<wp:meta_key><![CDATA[_wp_attached_file]]></wp:meta_key>
		<wp:meta_value><![CDATA[2024/01/pexels-luca-luperto-19771983-scaled.jpg]]></wp:meta_value>
		</wp:postmeta>
							<wp:postmeta>
		<wp:meta_key><![CDATA[_wp_attachment_metadata]]></wp:meta_key>
		<wp:meta_value><![CDATA[a:7:{s:5:"width";i:2560;s:6:"height";i:1920;s:4:"file";s:47:"2024/01/pexels-luca-luperto-19771983-scaled.jpg";s:8:"filesize";i:1041733;s:5:"sizes";a:6:{s:6:"medium";a:5:{s:4:"file";s:40:"pexels-luca-luperto-19771983-300x225.jpg";s:5:"width";i:300;s:6:"height";i:225;s:9:"mime-type";s:10:"image/jpeg";s:8:"filesize";i:19654;}s:5:"large";a:5:{s:4:"file";s:41:"pexels-luca-luperto-19771983-1024x768.jpg";s:5:"width";i:1024;s:6:"height";i:768;s:9:"mime-type";s:10:"image/jpeg";s:8:"filesize";i:165858;}s:9:"thumbnail";a:5:{s:4:"file";s:40:"pexels-luca-luperto-19771983-150x150.jpg";s:5:"width";i:150;s:6:"height";i:150;s:9:"mime-type";s:10:"image/jpeg";s:8:"filesize";i:9246;}s:12:"medium_large";a:5:{s:4:"file";s:40:"pexels-luca-luperto-19771983-768x576.jpg";s:5:"width";i:768;s:6:"height";i:576;s:9:"mime-type";s:10:"image/jpeg";s:8:"filesize";i:95734;}s:9:"1536x1536";a:5:{s:4:"file";s:42:"pexels-luca-luperto-19771983-1536x1152.jpg";s:5:"width";i:1536;s:6:"height";i:1152;s:9:"mime-type";s:10:"image/jpeg";s:8:"filesize";i:361479;}s:9:"2048x2048";a:5:{s:4:"file";s:42:"pexels-luca-luperto-19771983-2048x1536.jpg";s:5:"width";i:2048;s:6:"height";i:1536;s:9:"mime-type";s:10:"image/jpeg";s:8:"filesize";i:650188;}}s:10:"image_meta";a:12:{s:8:"aperture";s:1:"0";s:6:"credit";s:0:"";s:6:"camera";s:0:"";s:7:"caption";s:0:"";s:17:"created_timestamp";s:1:"0";s:9:"copyright";s:0:"";s:12:"focal_length";s:1:"0";s:3:"iso";s:1:"0";s:13:"shutter_speed";s:1:"0";s:5:"title";s:0:"";s:11:"orientation";s:1:"0";s:8:"keywords";a:0:{}}s:14:"original_image";s:32:"pexels-luca-luperto-19771983.jpg";}]]></wp:meta_value>
		</wp:postmeta>
							</item>
					<item>
		<title><![CDATA[pexels-kübra-arslaner-19767948]]></title>
		<link>https://dev-wahi-travel.pantheonsite.io/accuiel/pexels-kubra-arslaner-19767948/</link>
		<pubDate>Sat, 13 Jan 2024 11:58:03 +0000</pubDate>
		<dc:creator><![CDATA[wahi travel]]></dc:creator>
		<guid isPermaLink="false">https://dev-wahi-travel.pantheonsite.io/wp-content/uploads/2024/01/pexels-kubra-arslaner-19767948.jpg</guid>
		<description></description>
		<content:encoded><![CDATA[]]></content:encoded>
		<excerpt:encoded><![CDATA[]]></excerpt:encoded>
		<wp:post_id>154</wp:post_id>
		<wp:post_date><![CDATA[2024-01-13 11:58:03]]></wp:post_date>
		<wp:post_date_gmt><![CDATA[2024-01-13 11:58:03]]></wp:post_date_gmt>
		<wp:post_modified><![CDATA[2024-01-13 11:58:03]]></wp:post_modified>
		<wp:post_modified_gmt><![CDATA[2024-01-13 11:58:03]]></wp:post_modified_gmt>
		<wp:comment_status><![CDATA[open]]></wp:comment_status>
		<wp:ping_status><![CDATA[closed]]></wp:ping_status>
		<wp:post_name><![CDATA[pexels-kubra-arslaner-19767948]]></wp:post_name>
		<wp:status><![CDATA[inherit]]></wp:status>
		<wp:post_parent>8</wp:post_parent>
		<wp:menu_order>0</wp:menu_order>
		<wp:post_type><![CDATA[attachment]]></wp:post_type>
		<wp:post_password><![CDATA[]]></wp:post_password>
		<wp:is_sticky>0</wp:is_sticky>
						<wp:attachment_url><![CDATA[https://dev-wahi-travel.pantheonsite.io/wp-content/uploads/2024/01/pexels-kubra-arslaner-19767948-scaled.jpg]]></wp:attachment_url>
											<wp:postmeta>
		<wp:meta_key><![CDATA[_wp_attached_file]]></wp:meta_key>
		<wp:meta_value><![CDATA[2024/01/pexels-kubra-arslaner-19767948-scaled.jpg]]></wp:meta_value>
		</wp:postmeta>
							<wp:postmeta>
		<wp:meta_key><![CDATA[_wp_attachment_metadata]]></wp:meta_key>
		<wp:meta_value><![CDATA[a:7:{s:5:"width";i:1707;s:6:"height";i:2560;s:4:"file";s:49:"2024/01/pexels-kubra-arslaner-19767948-scaled.jpg";s:8:"filesize";i:654016;s:5:"sizes";a:3:{s:6:"medium";a:5:{s:4:"file";s:42:"pexels-kubra-arslaner-19767948-200x300.jpg";s:5:"width";i:200;s:6:"height";i:300;s:9:"mime-type";s:10:"image/jpeg";s:8:"filesize";i:12542;}s:5:"large";a:5:{s:4:"file";s:43:"pexels-kubra-arslaner-19767948-683x1024.jpg";s:5:"width";i:683;s:6:"height";i:1024;s:9:"mime-type";s:10:"image/jpeg";s:8:"filesize";i:92165;}s:9:"thumbnail";a:5:{s:4:"file";s:42:"pexels-kubra-arslaner-19767948-150x150.jpg";s:5:"width";i:150;s:6:"height";i:150;s:9:"mime-type";s:10:"image/jpeg";s:8:"filesize";i:7089;}}s:10:"image_meta";a:12:{s:8:"aperture";s:1:"0";s:6:"credit";s:0:"";s:6:"camera";s:0:"";s:7:"caption";s:0:"";s:17:"created_timestamp";s:1:"0";s:9:"copyright";s:0:"";s:12:"focal_length";s:1:"0";s:3:"iso";s:1:"0";s:13:"shutter_speed";s:1:"0";s:5:"title";s:0:"";s:11:"orientation";s:1:"0";s:8:"keywords";a:0:{}}s:14:"original_image";s:34:"pexels-kubra-arslaner-19767948.jpg";}]]></wp:meta_value>
		</wp:postmeta>
							</item>
					<item>
		<title><![CDATA[pexels-riccardo-573847]]></title>
		<link>https://dev-wahi-travel.pantheonsite.io/accuiel/pexels-riccardo-573847/</link>
		<pubDate>Sat, 13 Jan 2024 11:58:23 +0000</pubDate>
		<dc:creator><![CDATA[wahi travel]]></dc:creator>
		<guid isPermaLink="false">https://dev-wahi-travel.pantheonsite.io/wp-content/uploads/2024/01/pexels-riccardo-573847.jpg</guid>
		<description></description>
		<content:encoded><![CDATA[]]></content:encoded>
		<excerpt:encoded><![CDATA[]]></excerpt:encoded>
		<wp:post_id>156</wp:post_id>
		<wp:post_date><![CDATA[2024-01-13 11:58:23]]></wp:post_date>
		<wp:post_date_gmt><![CDATA[2024-01-13 11:58:23]]></wp:post_date_gmt>
		<wp:post_modified><![CDATA[2024-01-13 11:58:23]]></wp:post_modified>
		<wp:post_modified_gmt><![CDATA[2024-01-13 11:58:23]]></wp:post_modified_gmt>
		<wp:comment_status><![CDATA[open]]></wp:comment_status>
		<wp:ping_status><![CDATA[closed]]></wp:ping_status>
		<wp:post_name><![CDATA[pexels-riccardo-573847]]></wp:post_name>
		<wp:status><![CDATA[inherit]]></wp:status>
		<wp:post_parent>8</wp:post_parent>
		<wp:menu_order>0</wp:menu_order>
		<wp:post_type><![CDATA[attachment]]></wp:post_type>
		<wp:post_password><![CDATA[]]></wp:post_password>
		<wp:is_sticky>0</wp:is_sticky>
						<wp:attachment_url><![CDATA[https://dev-wahi-travel.pantheonsite.io/wp-content/uploads/2024/01/pexels-riccardo-573847-scaled.jpg]]></wp:attachment_url>
											<wp:postmeta>
		<wp:meta_key><![CDATA[_wp_attached_file]]></wp:meta_key>
		<wp:meta_value><![CDATA[2024/01/pexels-riccardo-573847-scaled.jpg]]></wp:meta_value>
		</wp:postmeta>
							<wp:postmeta>
		<wp:meta_key><![CDATA[_wp_attachment_metadata]]></wp:meta_key>
		<wp:meta_value><![CDATA[a:7:{s:5:"width";i:2560;s:6:"height";i:1707;s:4:"file";s:41:"2024/01/pexels-riccardo-573847-scaled.jpg";s:8:"filesize";i:833143;s:5:"sizes";a:4:{s:6:"medium";a:5:{s:4:"file";s:34:"pexels-riccardo-573847-300x200.jpg";s:5:"width";i:300;s:6:"height";i:200;s:9:"mime-type";s:10:"image/jpeg";s:8:"filesize";i:20103;}s:5:"large";a:5:{s:4:"file";s:35:"pexels-riccardo-573847-1024x683.jpg";s:5:"width";i:1024;s:6:"height";i:683;s:9:"mime-type";s:10:"image/jpeg";s:8:"filesize";i:165378;}s:9:"thumbnail";a:5:{s:4:"file";s:34:"pexels-riccardo-573847-150x150.jpg";s:5:"width";i:150;s:6:"height";i:150;s:9:"mime-type";s:10:"image/jpeg";s:8:"filesize";i:10157;}s:12:"medium_large";a:5:{s:4:"file";s:34:"pexels-riccardo-573847-768x512.jpg";s:5:"width";i:768;s:6:"height";i:512;s:9:"mime-type";s:10:"image/jpeg";s:8:"filesize";i:98327;}}s:10:"image_meta";a:12:{s:8:"aperture";s:1:"0";s:6:"credit";s:0:"";s:6:"camera";s:0:"";s:7:"caption";s:0:"";s:17:"created_timestamp";s:1:"0";s:9:"copyright";s:0:"";s:12:"focal_length";s:1:"0";s:3:"iso";s:1:"0";s:13:"shutter_speed";s:1:"0";s:5:"title";s:0:"";s:11:"orientation";s:1:"0";s:8:"keywords";a:0:{}}s:14:"original_image";s:26:"pexels-riccardo-573847.jpg";}]]></wp:meta_value>
		</wp:postmeta>
							</item>
					<item>
		<title><![CDATA[pexels-wolfgang-2748019]]></title>
		<link>https://dev-wahi-travel.pantheonsite.io/accuiel/pexels-wolfgang-2748019/</link>
		<pubDate>Sat, 13 Jan 2024 11:58:51 +0000</pubDate>
		<dc:creator><![CDATA[wahi travel]]></dc:creator>
		<guid isPermaLink="false">https://dev-wahi-travel.pantheonsite.io/wp-content/uploads/2024/01/pexels-wolfgang-2748019.jpg</guid>
		<description></description>
		<content:encoded><![CDATA[]]></content:encoded>
		<excerpt:encoded><![CDATA[]]></excerpt:encoded>
		<wp:post_id>157</wp:post_id>
		<wp:post_date><![CDATA[2024-01-13 11:58:51]]></wp:post_date>
		<wp:post_date_gmt><![CDATA[2024-01-13 11:58:51]]></wp:post_date_gmt>
		<wp:post_modified><![CDATA[2024-01-13 11:58:51]]></wp:post_modified>
		<wp:post_modified_gmt><![CDATA[2024-01-13 11:58:51]]></wp:post_modified_gmt>
		<wp:comment_status><![CDATA[open]]></wp:comment_status>
		<wp:ping_status><![CDATA[closed]]></wp:ping_status>
		<wp:post_name><![CDATA[pexels-wolfgang-2748019]]></wp:post_name>
		<wp:status><![CDATA[inherit]]></wp:status>
		<wp:post_parent>8</wp:post_parent>
		<wp:menu_order>0</wp:menu_order>
		<wp:post_type><![CDATA[attachment]]></wp:post_type>
		<wp:post_password><![CDATA[]]></wp:post_password>
		<wp:is_sticky>0</wp:is_sticky>
						<wp:attachment_url><![CDATA[https://dev-wahi-travel.pantheonsite.io/wp-content/uploads/2024/01/pexels-wolfgang-2748019-scaled.jpg]]></wp:attachment_url>
											<wp:postmeta>
		<wp:meta_key><![CDATA[_wp_attached_file]]></wp:meta_key>
		<wp:meta_value><![CDATA[2024/01/pexels-wolfgang-2748019-scaled.jpg]]></wp:meta_value>
		</wp:postmeta>
							<wp:postmeta>
		<wp:meta_key><![CDATA[_wp_attachment_metadata]]></wp:meta_key>
		<wp:meta_value><![CDATA[a:7:{s:5:"width";i:2560;s:6:"height";i:1709;s:4:"file";s:42:"2024/01/pexels-wolfgang-2748019-scaled.jpg";s:8:"filesize";i:754697;s:5:"sizes";a:6:{s:6:"medium";a:5:{s:4:"file";s:35:"pexels-wolfgang-2748019-300x200.jpg";s:5:"width";i:300;s:6:"height";i:200;s:9:"mime-type";s:10:"image/jpeg";s:8:"filesize";i:17998;}s:5:"large";a:5:{s:4:"file";s:36:"pexels-wolfgang-2748019-1024x684.jpg";s:5:"width";i:1024;s:6:"height";i:684;s:9:"mime-type";s:10:"image/jpeg";s:8:"filesize";i:142843;}s:9:"thumbnail";a:5:{s:4:"file";s:35:"pexels-wolfgang-2748019-150x150.jpg";s:5:"width";i:150;s:6:"height";i:150;s:9:"mime-type";s:10:"image/jpeg";s:8:"filesize";i:9558;}s:12:"medium_large";a:5:{s:4:"file";s:35:"pexels-wolfgang-2748019-768x513.jpg";s:5:"width";i:768;s:6:"height";i:513;s:9:"mime-type";s:10:"image/jpeg";s:8:"filesize";i:85102;}s:9:"1536x1536";a:5:{s:4:"file";s:37:"pexels-wolfgang-2748019-1536x1025.jpg";s:5:"width";i:1536;s:6:"height";i:1025;s:9:"mime-type";s:10:"image/jpeg";s:8:"filesize";i:299335;}s:9:"2048x2048";a:5:{s:4:"file";s:37:"pexels-wolfgang-2748019-2048x1367.jpg";s:5:"width";i:2048;s:6:"height";i:1367;s:9:"mime-type";s:10:"image/jpeg";s:8:"filesize";i:504523;}}s:10:"image_meta";a:12:{s:8:"aperture";s:1:"0";s:6:"credit";s:0:"";s:6:"camera";s:0:"";s:7:"caption";s:0:"";s:17:"created_timestamp";s:1:"0";s:9:"copyright";s:0:"";s:12:"focal_length";s:1:"0";s:3:"iso";s:1:"0";s:13:"shutter_speed";s:1:"0";s:5:"title";s:0:"";s:11:"orientation";s:1:"0";s:8:"keywords";a:0:{}}s:14:"original_image";s:27:"pexels-wolfgang-2748019.jpg";}]]></wp:meta_value>
		</wp:postmeta>
							</item>
					<item>
		<title><![CDATA[pexels-vlad-alexandru-popa-1402778]]></title>
		<link>https://dev-wahi-travel.pantheonsite.io/accuiel/pexels-vlad-alexandru-popa-1402778/</link>
		<pubDate>Sat, 13 Jan 2024 11:59:11 +0000</pubDate>
		<dc:creator><![CDATA[wahi travel]]></dc:creator>
		<guid isPermaLink="false">https://dev-wahi-travel.pantheonsite.io/wp-content/uploads/2024/01/pexels-vlad-alexandru-popa-1402778.jpg</guid>
		<description></description>
		<content:encoded><![CDATA[]]></content:encoded>
		<excerpt:encoded><![CDATA[]]></excerpt:encoded>
		<wp:post_id>158</wp:post_id>
		<wp:post_date><![CDATA[2024-01-13 11:59:11]]></wp:post_date>
		<wp:post_date_gmt><![CDATA[2024-01-13 11:59:11]]></wp:post_date_gmt>
		<wp:post_modified><![CDATA[2024-01-13 11:59:11]]></wp:post_modified>
		<wp:post_modified_gmt><![CDATA[2024-01-13 11:59:11]]></wp:post_modified_gmt>
		<wp:comment_status><![CDATA[open]]></wp:comment_status>
		<wp:ping_status><![CDATA[closed]]></wp:ping_status>
		<wp:post_name><![CDATA[pexels-vlad-alexandru-popa-1402778]]></wp:post_name>
		<wp:status><![CDATA[inherit]]></wp:status>
		<wp:post_parent>8</wp:post_parent>
		<wp:menu_order>0</wp:menu_order>
		<wp:post_type><![CDATA[attachment]]></wp:post_type>
		<wp:post_password><![CDATA[]]></wp:post_password>
		<wp:is_sticky>0</wp:is_sticky>
						<wp:attachment_url><![CDATA[https://dev-wahi-travel.pantheonsite.io/wp-content/uploads/2024/01/pexels-vlad-alexandru-popa-1402778-scaled.jpg]]></wp:attachment_url>
											<wp:postmeta>
		<wp:meta_key><![CDATA[_wp_attached_file]]></wp:meta_key>
		<wp:meta_value><![CDATA[2024/01/pexels-vlad-alexandru-popa-1402778-scaled.jpg]]></wp:meta_value>
		</wp:postmeta>
							<wp:postmeta>
		<wp:meta_key><![CDATA[_wp_attachment_metadata]]></wp:meta_key>
		<wp:meta_value><![CDATA[a:7:{s:5:"width";i:1920;s:6:"height";i:2560;s:4:"file";s:53:"2024/01/pexels-vlad-alexandru-popa-1402778-scaled.jpg";s:8:"filesize";i:844736;s:5:"sizes";a:6:{s:6:"medium";a:5:{s:4:"file";s:46:"pexels-vlad-alexandru-popa-1402778-225x300.jpg";s:5:"width";i:225;s:6:"height";i:300;s:9:"mime-type";s:10:"image/jpeg";s:8:"filesize";i:17952;}s:5:"large";a:5:{s:4:"file";s:47:"pexels-vlad-alexandru-popa-1402778-768x1024.jpg";s:5:"width";i:768;s:6:"height";i:1024;s:9:"mime-type";s:10:"image/jpeg";s:8:"filesize";i:139964;}s:9:"thumbnail";a:5:{s:4:"file";s:46:"pexels-vlad-alexandru-popa-1402778-150x150.jpg";s:5:"width";i:150;s:6:"height";i:150;s:9:"mime-type";s:10:"image/jpeg";s:8:"filesize";i:9107;}s:12:"medium_large";a:5:{s:4:"file";s:47:"pexels-vlad-alexandru-popa-1402778-768x1024.jpg";s:5:"width";i:768;s:6:"height";i:1024;s:9:"mime-type";s:10:"image/jpeg";s:8:"filesize";i:139964;}s:9:"1536x1536";a:5:{s:4:"file";s:48:"pexels-vlad-alexandru-popa-1402778-1152x1536.jpg";s:5:"width";i:1152;s:6:"height";i:1536;s:9:"mime-type";s:10:"image/jpeg";s:8:"filesize";i:298863;}s:9:"2048x2048";a:5:{s:4:"file";s:48:"pexels-vlad-alexandru-popa-1402778-1536x2048.jpg";s:5:"width";i:1536;s:6:"height";i:2048;s:9:"mime-type";s:10:"image/jpeg";s:8:"filesize";i:532947;}}s:10:"image_meta";a:12:{s:8:"aperture";s:1:"0";s:6:"credit";s:0:"";s:6:"camera";s:0:"";s:7:"caption";s:0:"";s:17:"created_timestamp";s:1:"0";s:9:"copyright";s:0:"";s:12:"focal_length";s:1:"0";s:3:"iso";s:1:"0";s:13:"shutter_speed";s:1:"0";s:5:"title";s:0:"";s:11:"orientation";s:1:"0";s:8:"keywords";a:0:{}}s:14:"original_image";s:38:"pexels-vlad-alexandru-popa-1402778.jpg";}]]></wp:meta_value>
		</wp:postmeta>
							</item>
					<item>
		<title><![CDATA[pexels-nothing-ahead-6564828]]></title>
		<link>https://dev-wahi-travel.pantheonsite.io/accuiel/pexels-nothing-ahead-6564828/</link>
		<pubDate>Sat, 13 Jan 2024 11:59:28 +0000</pubDate>
		<dc:creator><![CDATA[wahi travel]]></dc:creator>
		<guid isPermaLink="false">https://dev-wahi-travel.pantheonsite.io/wp-content/uploads/2024/01/pexels-nothing-ahead-6564828.jpg</guid>
		<description></description>
		<content:encoded><![CDATA[]]></content:encoded>
		<excerpt:encoded><![CDATA[]]></excerpt:encoded>
		<wp:post_id>159</wp:post_id>
		<wp:post_date><![CDATA[2024-01-13 11:59:28]]></wp:post_date>
		<wp:post_date_gmt><![CDATA[2024-01-13 11:59:28]]></wp:post_date_gmt>
		<wp:post_modified><![CDATA[2024-01-13 11:59:28]]></wp:post_modified>
		<wp:post_modified_gmt><![CDATA[2024-01-13 11:59:28]]></wp:post_modified_gmt>
		<wp:comment_status><![CDATA[open]]></wp:comment_status>
		<wp:ping_status><![CDATA[closed]]></wp:ping_status>
		<wp:post_name><![CDATA[pexels-nothing-ahead-6564828]]></wp:post_name>
		<wp:status><![CDATA[inherit]]></wp:status>
		<wp:post_parent>8</wp:post_parent>
		<wp:menu_order>0</wp:menu_order>
		<wp:post_type><![CDATA[attachment]]></wp:post_type>
		<wp:post_password><![CDATA[]]></wp:post_password>
		<wp:is_sticky>0</wp:is_sticky>
						<wp:attachment_url><![CDATA[https://dev-wahi-travel.pantheonsite.io/wp-content/uploads/2024/01/pexels-nothing-ahead-6564828-scaled.jpg]]></wp:attachment_url>
											<wp:postmeta>
		<wp:meta_key><![CDATA[_wp_attached_file]]></wp:meta_key>
		<wp:meta_value><![CDATA[2024/01/pexels-nothing-ahead-6564828-scaled.jpg]]></wp:meta_value>
		</wp:postmeta>
							<wp:postmeta>
		<wp:meta_key><![CDATA[_wp_attachment_metadata]]></wp:meta_key>
		<wp:meta_value><![CDATA[a:7:{s:5:"width";i:2560;s:6:"height";i:1707;s:4:"file";s:47:"2024/01/pexels-nothing-ahead-6564828-scaled.jpg";s:8:"filesize";i:539753;s:5:"sizes";a:4:{s:6:"medium";a:5:{s:4:"file";s:40:"pexels-nothing-ahead-6564828-300x200.jpg";s:5:"width";i:300;s:6:"height";i:200;s:9:"mime-type";s:10:"image/jpeg";s:8:"filesize";i:19830;}s:5:"large";a:5:{s:4:"file";s:41:"pexels-nothing-ahead-6564828-1024x683.jpg";s:5:"width";i:1024;s:6:"height";i:683;s:9:"mime-type";s:10:"image/jpeg";s:8:"filesize";i:123957;}s:9:"thumbnail";a:5:{s:4:"file";s:40:"pexels-nothing-ahead-6564828-150x150.jpg";s:5:"width";i:150;s:6:"height";i:150;s:9:"mime-type";s:10:"image/jpeg";s:8:"filesize";i:10820;}s:12:"medium_large";a:5:{s:4:"file";s:40:"pexels-nothing-ahead-6564828-768x512.jpg";s:5:"width";i:768;s:6:"height";i:512;s:9:"mime-type";s:10:"image/jpeg";s:8:"filesize";i:80133;}}s:10:"image_meta";a:12:{s:8:"aperture";s:1:"0";s:6:"credit";s:0:"";s:6:"camera";s:0:"";s:7:"caption";s:0:"";s:17:"created_timestamp";s:1:"0";s:9:"copyright";s:0:"";s:12:"focal_length";s:1:"0";s:3:"iso";s:1:"0";s:13:"shutter_speed";s:1:"0";s:5:"title";s:0:"";s:11:"orientation";s:1:"0";s:8:"keywords";a:0:{}}s:14:"original_image";s:32:"pexels-nothing-ahead-6564828.jpg";}]]></wp:meta_value>
		</wp:postmeta>
							</item>
					<item>
		<title><![CDATA[pexels-george-milton-7014337]]></title>
		<link>https://dev-wahi-travel.pantheonsite.io/accuiel/pexels-george-milton-7014337-2/</link>
		<pubDate>Sat, 13 Jan 2024 11:59:48 +0000</pubDate>
		<dc:creator><![CDATA[wahi travel]]></dc:creator>
		<guid isPermaLink="false">https://dev-wahi-travel.pantheonsite.io/wp-content/uploads/2024/01/pexels-george-milton-7014337-1.jpg</guid>
		<description></description>
		<content:encoded><![CDATA[]]></content:encoded>
		<excerpt:encoded><![CDATA[]]></excerpt:encoded>
		<wp:post_id>160</wp:post_id>
		<wp:post_date><![CDATA[2024-01-13 11:59:48]]></wp:post_date>
		<wp:post_date_gmt><![CDATA[2024-01-13 11:59:48]]></wp:post_date_gmt>
		<wp:post_modified><![CDATA[2024-01-13 11:59:48]]></wp:post_modified>
		<wp:post_modified_gmt><![CDATA[2024-01-13 11:59:48]]></wp:post_modified_gmt>
		<wp:comment_status><![CDATA[open]]></wp:comment_status>
		<wp:ping_status><![CDATA[closed]]></wp:ping_status>
		<wp:post_name><![CDATA[pexels-george-milton-7014337-2]]></wp:post_name>
		<wp:status><![CDATA[inherit]]></wp:status>
		<wp:post_parent>8</wp:post_parent>
		<wp:menu_order>0</wp:menu_order>
		<wp:post_type><![CDATA[attachment]]></wp:post_type>
		<wp:post_password><![CDATA[]]></wp:post_password>
		<wp:is_sticky>0</wp:is_sticky>
						<wp:attachment_url><![CDATA[https://dev-wahi-travel.pantheonsite.io/wp-content/uploads/2024/01/pexels-george-milton-7014337-1-scaled.jpg]]></wp:attachment_url>
											<wp:postmeta>
		<wp:meta_key><![CDATA[_wp_attached_file]]></wp:meta_key>
		<wp:meta_value><![CDATA[2024/01/pexels-george-milton-7014337-1-scaled.jpg]]></wp:meta_value>
		</wp:postmeta>
							<wp:postmeta>
		<wp:meta_key><![CDATA[_wp_attachment_metadata]]></wp:meta_key>
		<wp:meta_value><![CDATA[a:7:{s:5:"width";i:2560;s:6:"height";i:1707;s:4:"file";s:49:"2024/01/pexels-george-milton-7014337-1-scaled.jpg";s:8:"filesize";i:340527;s:5:"sizes";a:4:{s:6:"medium";a:5:{s:4:"file";s:42:"pexels-george-milton-7014337-1-300x200.jpg";s:5:"width";i:300;s:6:"height";i:200;s:9:"mime-type";s:10:"image/jpeg";s:8:"filesize";i:15160;}s:5:"large";a:5:{s:4:"file";s:43:"pexels-george-milton-7014337-1-1024x683.jpg";s:5:"width";i:1024;s:6:"height";i:683;s:9:"mime-type";s:10:"image/jpeg";s:8:"filesize";i:73867;}s:9:"thumbnail";a:5:{s:4:"file";s:42:"pexels-george-milton-7014337-1-150x150.jpg";s:5:"width";i:150;s:6:"height";i:150;s:9:"mime-type";s:10:"image/jpeg";s:8:"filesize";i:8870;}s:12:"medium_large";a:5:{s:4:"file";s:42:"pexels-george-milton-7014337-1-768x512.jpg";s:5:"width";i:768;s:6:"height";i:512;s:9:"mime-type";s:10:"image/jpeg";s:8:"filesize";i:49452;}}s:10:"image_meta";a:12:{s:8:"aperture";s:1:"0";s:6:"credit";s:0:"";s:6:"camera";s:0:"";s:7:"caption";s:0:"";s:17:"created_timestamp";s:1:"0";s:9:"copyright";s:0:"";s:12:"focal_length";s:1:"0";s:3:"iso";s:1:"0";s:13:"shutter_speed";s:1:"0";s:5:"title";s:0:"";s:11:"orientation";s:1:"0";s:8:"keywords";a:0:{}}s:14:"original_image";s:34:"pexels-george-milton-7014337-1.jpg";}]]></wp:meta_value>
		</wp:postmeta>
							</item>
					<item>
		<title><![CDATA[pexels-george-milton-7014337]]></title>
		<link>https://dev-wahi-travel.pantheonsite.io/accuiel/pexels-george-milton-7014337-3/</link>
		<pubDate>Sat, 13 Jan 2024 12:35:21 +0000</pubDate>
		<dc:creator><![CDATA[wahi travel]]></dc:creator>
		<guid isPermaLink="false">https://dev-wahi-travel.pantheonsite.io/wp-content/uploads/2024/01/pexels-george-milton-7014337-2.jpg</guid>
		<description></description>
		<content:encoded><![CDATA[]]></content:encoded>
		<excerpt:encoded><![CDATA[]]></excerpt:encoded>
		<wp:post_id>175</wp:post_id>
		<wp:post_date><![CDATA[2024-01-13 12:35:21]]></wp:post_date>
		<wp:post_date_gmt><![CDATA[2024-01-13 12:35:21]]></wp:post_date_gmt>
		<wp:post_modified><![CDATA[2024-01-13 12:35:21]]></wp:post_modified>
		<wp:post_modified_gmt><![CDATA[2024-01-13 12:35:21]]></wp:post_modified_gmt>
		<wp:comment_status><![CDATA[open]]></wp:comment_status>
		<wp:ping_status><![CDATA[closed]]></wp:ping_status>
		<wp:post_name><![CDATA[pexels-george-milton-7014337-3]]></wp:post_name>
		<wp:status><![CDATA[inherit]]></wp:status>
		<wp:post_parent>8</wp:post_parent>
		<wp:menu_order>0</wp:menu_order>
		<wp:post_type><![CDATA[attachment]]></wp:post_type>
		<wp:post_password><![CDATA[]]></wp:post_password>
		<wp:is_sticky>0</wp:is_sticky>
						<wp:attachment_url><![CDATA[https://dev-wahi-travel.pantheonsite.io/wp-content/uploads/2024/01/pexels-george-milton-7014337-2-scaled.jpg]]></wp:attachment_url>
											<wp:postmeta>
		<wp:meta_key><![CDATA[_wp_attached_file]]></wp:meta_key>
		<wp:meta_value><![CDATA[2024/01/pexels-george-milton-7014337-2-scaled.jpg]]></wp:meta_value>
		</wp:postmeta>
							<wp:postmeta>
		<wp:meta_key><![CDATA[_wp_attachment_metadata]]></wp:meta_key>
		<wp:meta_value><![CDATA[a:7:{s:5:"width";i:2560;s:6:"height";i:1707;s:4:"file";s:49:"2024/01/pexels-george-milton-7014337-2-scaled.jpg";s:8:"filesize";i:340527;s:5:"sizes";a:4:{s:6:"medium";a:5:{s:4:"file";s:42:"pexels-george-milton-7014337-2-300x200.jpg";s:5:"width";i:300;s:6:"height";i:200;s:9:"mime-type";s:10:"image/jpeg";s:8:"filesize";i:15160;}s:5:"large";a:5:{s:4:"file";s:43:"pexels-george-milton-7014337-2-1024x683.jpg";s:5:"width";i:1024;s:6:"height";i:683;s:9:"mime-type";s:10:"image/jpeg";s:8:"filesize";i:73867;}s:9:"thumbnail";a:5:{s:4:"file";s:42:"pexels-george-milton-7014337-2-150x150.jpg";s:5:"width";i:150;s:6:"height";i:150;s:9:"mime-type";s:10:"image/jpeg";s:8:"filesize";i:8870;}s:12:"medium_large";a:5:{s:4:"file";s:42:"pexels-george-milton-7014337-2-768x512.jpg";s:5:"width";i:768;s:6:"height";i:512;s:9:"mime-type";s:10:"image/jpeg";s:8:"filesize";i:49452;}}s:10:"image_meta";a:12:{s:8:"aperture";s:1:"0";s:6:"credit";s:0:"";s:6:"camera";s:0:"";s:7:"caption";s:0:"";s:17:"created_timestamp";s:1:"0";s:9:"copyright";s:0:"";s:12:"focal_length";s:1:"0";s:3:"iso";s:1:"0";s:13:"shutter_speed";s:1:"0";s:5:"title";s:0:"";s:11:"orientation";s:1:"0";s:8:"keywords";a:0:{}}s:14:"original_image";s:34:"pexels-george-milton-7014337-2.jpg";}]]></wp:meta_value>
		</wp:postmeta>
							</item>
					<item>
		<title><![CDATA[boxking_about_img_11.jpg]]></title>
		<link>https://dev-wahi-travel.pantheonsite.io/boxking_about_img_11-jpg/</link>
		<pubDate>Sat, 13 Jan 2024 16:45:21 +0000</pubDate>
		<dc:creator><![CDATA[wahi travel]]></dc:creator>
		<guid isPermaLink="false">https://dev-wahi-travel.pantheonsite.io/wp-content/uploads/2024/01/boxking_about_img_11.jpg</guid>
		<description></description>
		<content:encoded><![CDATA[]]></content:encoded>
		<excerpt:encoded><![CDATA[]]></excerpt:encoded>
		<wp:post_id>237</wp:post_id>
		<wp:post_date><![CDATA[2024-01-13 16:45:21]]></wp:post_date>
		<wp:post_date_gmt><![CDATA[2024-01-13 16:45:21]]></wp:post_date_gmt>
		<wp:post_modified><![CDATA[2024-01-13 16:45:21]]></wp:post_modified>
		<wp:post_modified_gmt><![CDATA[2024-01-13 16:45:21]]></wp:post_modified_gmt>
		<wp:comment_status><![CDATA[open]]></wp:comment_status>
		<wp:ping_status><![CDATA[closed]]></wp:ping_status>
		<wp:post_name><![CDATA[boxking_about_img_11-jpg]]></wp:post_name>
		<wp:status><![CDATA[inherit]]></wp:status>
		<wp:post_parent>0</wp:post_parent>
		<wp:menu_order>0</wp:menu_order>
		<wp:post_type><![CDATA[attachment]]></wp:post_type>
		<wp:post_password><![CDATA[]]></wp:post_password>
		<wp:is_sticky>0</wp:is_sticky>
						<wp:attachment_url><![CDATA[https://dev-wahi-travel.pantheonsite.io/wp-content/uploads/2024/01/boxking_about_img_11.jpg]]></wp:attachment_url>
											<wp:postmeta>
		<wp:meta_key><![CDATA[_wp_attached_file]]></wp:meta_key>
		<wp:meta_value><![CDATA[2024/01/boxking_about_img_11.jpg]]></wp:meta_value>
		</wp:postmeta>
							<wp:postmeta>
		<wp:meta_key><![CDATA[_wp_attachment_metadata]]></wp:meta_key>
		<wp:meta_value><![CDATA[a:6:{s:5:"width";i:538;s:6:"height";i:300;s:4:"file";s:32:"2024/01/boxking_about_img_11.jpg";s:8:"filesize";i:164425;s:5:"sizes";a:2:{s:6:"medium";a:5:{s:4:"file";s:32:"boxking_about_img_11-300x167.jpg";s:5:"width";i:300;s:6:"height";i:167;s:9:"mime-type";s:10:"image/jpeg";s:8:"filesize";i:14157;}s:9:"thumbnail";a:5:{s:4:"file";s:32:"boxking_about_img_11-150x150.jpg";s:5:"width";i:150;s:6:"height";i:150;s:9:"mime-type";s:10:"image/jpeg";s:8:"filesize";i:7386;}}s:10:"image_meta";a:12:{s:8:"aperture";s:1:"0";s:6:"credit";s:0:"";s:6:"camera";s:0:"";s:7:"caption";s:0:"";s:17:"created_timestamp";s:1:"0";s:9:"copyright";s:0:"";s:12:"focal_length";s:1:"0";s:3:"iso";s:1:"0";s:13:"shutter_speed";s:1:"0";s:5:"title";s:0:"";s:11:"orientation";s:1:"0";s:8:"keywords";a:0:{}}}]]></wp:meta_value>
		</wp:postmeta>
							<wp:postmeta>
		<wp:meta_key><![CDATA[_elementor_source_image_hash]]></wp:meta_key>
		<wp:meta_value><![CDATA[2d6f8bdb8327ba0acaea3632e1b60e2a0d2ccf6b]]></wp:meta_value>
		</wp:postmeta>
							</item>
					<item>
		<title><![CDATA[boxking_about_img_2.jpg]]></title>
		<link>https://dev-wahi-travel.pantheonsite.io/boxking_about_img_2-jpg/</link>
		<pubDate>Sat, 13 Jan 2024 16:45:21 +0000</pubDate>
		<dc:creator><![CDATA[wahi travel]]></dc:creator>
		<guid isPermaLink="false">https://dev-wahi-travel.pantheonsite.io/wp-content/uploads/2024/01/boxking_about_img_2.jpg</guid>
		<description></description>
		<content:encoded><![CDATA[]]></content:encoded>
		<excerpt:encoded><![CDATA[]]></excerpt:encoded>
		<wp:post_id>238</wp:post_id>
		<wp:post_date><![CDATA[2024-01-13 16:45:21]]></wp:post_date>
		<wp:post_date_gmt><![CDATA[2024-01-13 16:45:21]]></wp:post_date_gmt>
		<wp:post_modified><![CDATA[2024-01-13 16:45:21]]></wp:post_modified>
		<wp:post_modified_gmt><![CDATA[2024-01-13 16:45:21]]></wp:post_modified_gmt>
		<wp:comment_status><![CDATA[open]]></wp:comment_status>
		<wp:ping_status><![CDATA[closed]]></wp:ping_status>
		<wp:post_name><![CDATA[boxking_about_img_2-jpg]]></wp:post_name>
		<wp:status><![CDATA[inherit]]></wp:status>
		<wp:post_parent>0</wp:post_parent>
		<wp:menu_order>0</wp:menu_order>
		<wp:post_type><![CDATA[attachment]]></wp:post_type>
		<wp:post_password><![CDATA[]]></wp:post_password>
		<wp:is_sticky>0</wp:is_sticky>
						<wp:attachment_url><![CDATA[https://dev-wahi-travel.pantheonsite.io/wp-content/uploads/2024/01/boxking_about_img_2.jpg]]></wp:attachment_url>
											<wp:postmeta>
		<wp:meta_key><![CDATA[_wp_attached_file]]></wp:meta_key>
		<wp:meta_value><![CDATA[2024/01/boxking_about_img_2.jpg]]></wp:meta_value>
		</wp:postmeta>
							<wp:postmeta>
		<wp:meta_key><![CDATA[_wp_attachment_metadata]]></wp:meta_key>
		<wp:meta_value><![CDATA[a:6:{s:5:"width";i:540;s:6:"height";i:300;s:4:"file";s:31:"2024/01/boxking_about_img_2.jpg";s:8:"filesize";i:127991;s:5:"sizes";a:2:{s:6:"medium";a:5:{s:4:"file";s:31:"boxking_about_img_2-300x167.jpg";s:5:"width";i:300;s:6:"height";i:167;s:9:"mime-type";s:10:"image/jpeg";s:8:"filesize";i:8991;}s:9:"thumbnail";a:5:{s:4:"file";s:31:"boxking_about_img_2-150x150.jpg";s:5:"width";i:150;s:6:"height";i:150;s:9:"mime-type";s:10:"image/jpeg";s:8:"filesize";i:5649;}}s:10:"image_meta";a:12:{s:8:"aperture";s:1:"0";s:6:"credit";s:0:"";s:6:"camera";s:0:"";s:7:"caption";s:0:"";s:17:"created_timestamp";s:1:"0";s:9:"copyright";s:0:"";s:12:"focal_length";s:1:"0";s:3:"iso";s:1:"0";s:13:"shutter_speed";s:1:"0";s:5:"title";s:0:"";s:11:"orientation";s:1:"0";s:8:"keywords";a:0:{}}}]]></wp:meta_value>
		</wp:postmeta>
							<wp:postmeta>
		<wp:meta_key><![CDATA[_elementor_source_image_hash]]></wp:meta_key>
		<wp:meta_value><![CDATA[aa87666cade6686d6ee3c274f4ff55e021d9fcea]]></wp:meta_value>
		</wp:postmeta>
							</item>
					<item>
		<title><![CDATA[boxking_about_img_3.jpg]]></title>
		<link>https://dev-wahi-travel.pantheonsite.io/boxking_about_img_3-jpg/</link>
		<pubDate>Sat, 13 Jan 2024 16:45:22 +0000</pubDate>
		<dc:creator><![CDATA[wahi travel]]></dc:creator>
		<guid isPermaLink="false">https://dev-wahi-travel.pantheonsite.io/wp-content/uploads/2024/01/boxking_about_img_3.jpg</guid>
		<description></description>
		<content:encoded><![CDATA[]]></content:encoded>
		<excerpt:encoded><![CDATA[]]></excerpt:encoded>
		<wp:post_id>239</wp:post_id>
		<wp:post_date><![CDATA[2024-01-13 16:45:22]]></wp:post_date>
		<wp:post_date_gmt><![CDATA[2024-01-13 16:45:22]]></wp:post_date_gmt>
		<wp:post_modified><![CDATA[2024-01-13 16:45:22]]></wp:post_modified>
		<wp:post_modified_gmt><![CDATA[2024-01-13 16:45:22]]></wp:post_modified_gmt>
		<wp:comment_status><![CDATA[open]]></wp:comment_status>
		<wp:ping_status><![CDATA[closed]]></wp:ping_status>
		<wp:post_name><![CDATA[boxking_about_img_3-jpg]]></wp:post_name>
		<wp:status><![CDATA[inherit]]></wp:status>
		<wp:post_parent>0</wp:post_parent>
		<wp:menu_order>0</wp:menu_order>
		<wp:post_type><![CDATA[attachment]]></wp:post_type>
		<wp:post_password><![CDATA[]]></wp:post_password>
		<wp:is_sticky>0</wp:is_sticky>
						<wp:attachment_url><![CDATA[https://dev-wahi-travel.pantheonsite.io/wp-content/uploads/2024/01/boxking_about_img_3.jpg]]></wp:attachment_url>
											<wp:postmeta>
		<wp:meta_key><![CDATA[_wp_attached_file]]></wp:meta_key>
		<wp:meta_value><![CDATA[2024/01/boxking_about_img_3.jpg]]></wp:meta_value>
		</wp:postmeta>
							<wp:postmeta>
		<wp:meta_key><![CDATA[_wp_attachment_metadata]]></wp:meta_key>
		<wp:meta_value><![CDATA[a:6:{s:5:"width";i:540;s:6:"height";i:300;s:4:"file";s:31:"2024/01/boxking_about_img_3.jpg";s:8:"filesize";i:122219;s:5:"sizes";a:2:{s:6:"medium";a:5:{s:4:"file";s:31:"boxking_about_img_3-300x167.jpg";s:5:"width";i:300;s:6:"height";i:167;s:9:"mime-type";s:10:"image/jpeg";s:8:"filesize";i:10276;}s:9:"thumbnail";a:5:{s:4:"file";s:31:"boxking_about_img_3-150x150.jpg";s:5:"width";i:150;s:6:"height";i:150;s:9:"mime-type";s:10:"image/jpeg";s:8:"filesize";i:5245;}}s:10:"image_meta";a:12:{s:8:"aperture";s:1:"0";s:6:"credit";s:0:"";s:6:"camera";s:0:"";s:7:"caption";s:0:"";s:17:"created_timestamp";s:1:"0";s:9:"copyright";s:0:"";s:12:"focal_length";s:1:"0";s:3:"iso";s:1:"0";s:13:"shutter_speed";s:1:"0";s:5:"title";s:0:"";s:11:"orientation";s:1:"0";s:8:"keywords";a:0:{}}}]]></wp:meta_value>
		</wp:postmeta>
							<wp:postmeta>
		<wp:meta_key><![CDATA[_elementor_source_image_hash]]></wp:meta_key>
		<wp:meta_value><![CDATA[664daaf1e9e963fda2b32b1bfdac67b959f7af09]]></wp:meta_value>
		</wp:postmeta>
							</item>
					<item>
		<title><![CDATA[femme-angle-eleve-travaillant-comme-agent-voyage (1)]]></title>
		<link>https://dev-wahi-travel.pantheonsite.io/a-propos/femme-angle-eleve-travaillant-comme-agent-voyage-1-2/</link>
		<pubDate>Sat, 13 Jan 2024 17:04:14 +0000</pubDate>
		<dc:creator><![CDATA[wahi travel]]></dc:creator>
		<guid isPermaLink="false">https://dev-wahi-travel.pantheonsite.io/wp-content/uploads/2024/01/femme-angle-eleve-travaillant-comme-agent-voyage-1-1.jpg</guid>
		<description></description>
		<content:encoded><![CDATA[]]></content:encoded>
		<excerpt:encoded><![CDATA[]]></excerpt:encoded>
		<wp:post_id>243</wp:post_id>
		<wp:post_date><![CDATA[2024-01-13 17:04:14]]></wp:post_date>
		<wp:post_date_gmt><![CDATA[2024-01-13 17:04:14]]></wp:post_date_gmt>
		<wp:post_modified><![CDATA[2024-01-13 17:04:14]]></wp:post_modified>
		<wp:post_modified_gmt><![CDATA[2024-01-13 17:04:14]]></wp:post_modified_gmt>
		<wp:comment_status><![CDATA[open]]></wp:comment_status>
		<wp:ping_status><![CDATA[closed]]></wp:ping_status>
		<wp:post_name><![CDATA[femme-angle-eleve-travaillant-comme-agent-voyage-1-2]]></wp:post_name>
		<wp:status><![CDATA[inherit]]></wp:status>
		<wp:post_parent>10</wp:post_parent>
		<wp:menu_order>0</wp:menu_order>
		<wp:post_type><![CDATA[attachment]]></wp:post_type>
		<wp:post_password><![CDATA[]]></wp:post_password>
		<wp:is_sticky>0</wp:is_sticky>
						<wp:attachment_url><![CDATA[https://dev-wahi-travel.pantheonsite.io/wp-content/uploads/2024/01/femme-angle-eleve-travaillant-comme-agent-voyage-1-1.jpg]]></wp:attachment_url>
											<wp:postmeta>
		<wp:meta_key><![CDATA[_wp_attached_file]]></wp:meta_key>
		<wp:meta_value><![CDATA[2024/01/femme-angle-eleve-travaillant-comme-agent-voyage-1-1.jpg]]></wp:meta_value>
		</wp:postmeta>
							</item>
					<item>
		<title><![CDATA[What tourist destination do you want to go to?]]></title>
		<link>https://dev-wahi-travel.pantheonsite.io/a-propos/what-tourist-destination-do-you-want-to-go-to/</link>
		<pubDate>Sat, 13 Jan 2024 17:06:43 +0000</pubDate>
		<dc:creator><![CDATA[wahi travel]]></dc:creator>
		<guid isPermaLink="false">https://dev-wahi-travel.pantheonsite.io/wp-content/uploads/2024/01/tenir-monde-entre-mes-mains-jolie-femme-agent-voyage-montrant-globe-souriant-tout-travaillant-dans-son-bureau-moderne.jpg</guid>
		<description></description>
		<content:encoded><![CDATA[]]></content:encoded>
		<excerpt:encoded><![CDATA[Holding the world in my hands. Attractive female travel agent showing a globe and smiling while working at her modern office]]></excerpt:encoded>
		<wp:post_id>245</wp:post_id>
		<wp:post_date><![CDATA[2024-01-13 17:06:43]]></wp:post_date>
		<wp:post_date_gmt><![CDATA[2024-01-13 17:06:43]]></wp:post_date_gmt>
		<wp:post_modified><![CDATA[2024-01-13 17:06:43]]></wp:post_modified>
		<wp:post_modified_gmt><![CDATA[2024-01-13 17:06:43]]></wp:post_modified_gmt>
		<wp:comment_status><![CDATA[open]]></wp:comment_status>
		<wp:ping_status><![CDATA[closed]]></wp:ping_status>
		<wp:post_name><![CDATA[what-tourist-destination-do-you-want-to-go-to]]></wp:post_name>
		<wp:status><![CDATA[inherit]]></wp:status>
		<wp:post_parent>10</wp:post_parent>
		<wp:menu_order>0</wp:menu_order>
		<wp:post_type><![CDATA[attachment]]></wp:post_type>
		<wp:post_password><![CDATA[]]></wp:post_password>
		<wp:is_sticky>0</wp:is_sticky>
						<wp:attachment_url><![CDATA[https://dev-wahi-travel.pantheonsite.io/wp-content/uploads/2024/01/tenir-monde-entre-mes-mains-jolie-femme-agent-voyage-montrant-globe-souriant-tout-travaillant-dans-son-bureau-moderne.jpg]]></wp:attachment_url>
											<wp:postmeta>
		<wp:meta_key><![CDATA[_wp_attached_file]]></wp:meta_key>
		<wp:meta_value><![CDATA[2024/01/tenir-monde-entre-mes-mains-jolie-femme-agent-voyage-montrant-globe-souriant-tout-travaillant-dans-son-bureau-moderne.jpg]]></wp:meta_value>
		</wp:postmeta>
							</item>
					<item>
		<title><![CDATA[san-francisco-1501590_640]]></title>
		<link>https://dev-wahi-travel.pantheonsite.io/a-propos/san-francisco-1501590_640/</link>
		<pubDate>Sat, 13 Jan 2024 17:07:25 +0000</pubDate>
		<dc:creator><![CDATA[wahi travel]]></dc:creator>
		<guid isPermaLink="false">https://dev-wahi-travel.pantheonsite.io/wp-content/uploads/2024/01/san-francisco-1501590_640.jpg</guid>
		<description></description>
		<content:encoded><![CDATA[]]></content:encoded>
		<excerpt:encoded><![CDATA[]]></excerpt:encoded>
		<wp:post_id>246</wp:post_id>
		<wp:post_date><![CDATA[2024-01-13 17:07:25]]></wp:post_date>
		<wp:post_date_gmt><![CDATA[2024-01-13 17:07:25]]></wp:post_date_gmt>
		<wp:post_modified><![CDATA[2024-01-13 17:07:25]]></wp:post_modified>
		<wp:post_modified_gmt><![CDATA[2024-01-13 17:07:25]]></wp:post_modified_gmt>
		<wp:comment_status><![CDATA[open]]></wp:comment_status>
		<wp:ping_status><![CDATA[closed]]></wp:ping_status>
		<wp:post_name><![CDATA[san-francisco-1501590_640]]></wp:post_name>
		<wp:status><![CDATA[inherit]]></wp:status>
		<wp:post_parent>10</wp:post_parent>
		<wp:menu_order>0</wp:menu_order>
		<wp:post_type><![CDATA[attachment]]></wp:post_type>
		<wp:post_password><![CDATA[]]></wp:post_password>
		<wp:is_sticky>0</wp:is_sticky>
						<wp:attachment_url><![CDATA[https://dev-wahi-travel.pantheonsite.io/wp-content/uploads/2024/01/san-francisco-1501590_640.jpg]]></wp:attachment_url>
											<wp:postmeta>
		<wp:meta_key><![CDATA[_wp_attached_file]]></wp:meta_key>
		<wp:meta_value><![CDATA[2024/01/san-francisco-1501590_640.jpg]]></wp:meta_value>
		</wp:postmeta>
							<wp:postmeta>
		<wp:meta_key><![CDATA[_wp_attachment_metadata]]></wp:meta_key>
		<wp:meta_value><![CDATA[a:6:{s:5:"width";i:640;s:6:"height";i:640;s:4:"file";s:37:"2024/01/san-francisco-1501590_640.jpg";s:8:"filesize";i:103820;s:5:"sizes";a:2:{s:6:"medium";a:5:{s:4:"file";s:37:"san-francisco-1501590_640-300x300.jpg";s:5:"width";i:300;s:6:"height";i:300;s:9:"mime-type";s:10:"image/jpeg";s:8:"filesize";i:24654;}s:9:"thumbnail";a:5:{s:4:"file";s:37:"san-francisco-1501590_640-150x150.jpg";s:5:"width";i:150;s:6:"height";i:150;s:9:"mime-type";s:10:"image/jpeg";s:8:"filesize";i:7330;}}s:10:"image_meta";a:12:{s:8:"aperture";s:1:"0";s:6:"credit";s:0:"";s:6:"camera";s:0:"";s:7:"caption";s:0:"";s:17:"created_timestamp";s:1:"0";s:9:"copyright";s:0:"";s:12:"focal_length";s:1:"0";s:3:"iso";s:1:"0";s:13:"shutter_speed";s:1:"0";s:5:"title";s:0:"";s:11:"orientation";s:1:"0";s:8:"keywords";a:0:{}}}]]></wp:meta_value>
		</wp:postmeta>
							</item>
					<item>
		<title><![CDATA[passport-2714675_1280]]></title>
		<link>https://dev-wahi-travel.pantheonsite.io/passport-2714675_1280/</link>
		<pubDate>Sat, 13 Jan 2024 18:47:14 +0000</pubDate>
		<dc:creator><![CDATA[wahi travel]]></dc:creator>
		<guid isPermaLink="false">https://dev-wahi-travel.pantheonsite.io/wp-content/uploads/2024/01/passport-2714675_1280.jpg</guid>
		<description></description>
		<content:encoded><![CDATA[]]></content:encoded>
		<excerpt:encoded><![CDATA[]]></excerpt:encoded>
		<wp:post_id>278</wp:post_id>
		<wp:post_date><![CDATA[2024-01-13 18:47:14]]></wp:post_date>
		<wp:post_date_gmt><![CDATA[2024-01-13 18:47:14]]></wp:post_date_gmt>
		<wp:post_modified><![CDATA[2024-01-13 18:47:14]]></wp:post_modified>
		<wp:post_modified_gmt><![CDATA[2024-01-13 18:47:14]]></wp:post_modified_gmt>
		<wp:comment_status><![CDATA[open]]></wp:comment_status>
		<wp:ping_status><![CDATA[closed]]></wp:ping_status>
		<wp:post_name><![CDATA[passport-2714675_1280]]></wp:post_name>
		<wp:status><![CDATA[inherit]]></wp:status>
		<wp:post_parent>0</wp:post_parent>
		<wp:menu_order>0</wp:menu_order>
		<wp:post_type><![CDATA[attachment]]></wp:post_type>
		<wp:post_password><![CDATA[]]></wp:post_password>
		<wp:is_sticky>0</wp:is_sticky>
						<wp:attachment_url><![CDATA[https://dev-wahi-travel.pantheonsite.io/wp-content/uploads/2024/01/passport-2714675_1280.jpg]]></wp:attachment_url>
											<wp:postmeta>
		<wp:meta_key><![CDATA[_wp_attached_file]]></wp:meta_key>
		<wp:meta_value><![CDATA[2024/01/passport-2714675_1280.jpg]]></wp:meta_value>
		</wp:postmeta>
							<wp:postmeta>
		<wp:meta_key><![CDATA[_wp_attachment_metadata]]></wp:meta_key>
		<wp:meta_value><![CDATA[a:6:{s:5:"width";i:1280;s:6:"height";i:1024;s:4:"file";s:33:"2024/01/passport-2714675_1280.jpg";s:8:"filesize";i:584432;s:5:"sizes";a:4:{s:6:"medium";a:5:{s:4:"file";s:33:"passport-2714675_1280-300x240.jpg";s:5:"width";i:300;s:6:"height";i:240;s:9:"mime-type";s:10:"image/jpeg";s:8:"filesize";i:20735;}s:5:"large";a:5:{s:4:"file";s:34:"passport-2714675_1280-1024x819.jpg";s:5:"width";i:1024;s:6:"height";i:819;s:9:"mime-type";s:10:"image/jpeg";s:8:"filesize";i:226207;}s:9:"thumbnail";a:5:{s:4:"file";s:33:"passport-2714675_1280-150x150.jpg";s:5:"width";i:150;s:6:"height";i:150;s:9:"mime-type";s:10:"image/jpeg";s:8:"filesize";i:6905;}s:12:"medium_large";a:5:{s:4:"file";s:33:"passport-2714675_1280-768x614.jpg";s:5:"width";i:768;s:6:"height";i:614;s:9:"mime-type";s:10:"image/jpeg";s:8:"filesize";i:129401;}}s:10:"image_meta";a:12:{s:8:"aperture";s:1:"0";s:6:"credit";s:0:"";s:6:"camera";s:0:"";s:7:"caption";s:0:"";s:17:"created_timestamp";s:1:"0";s:9:"copyright";s:0:"";s:12:"focal_length";s:1:"0";s:3:"iso";s:1:"0";s:13:"shutter_speed";s:1:"0";s:5:"title";s:0:"";s:11:"orientation";s:1:"0";s:8:"keywords";a:0:{}}}]]></wp:meta_value>
		</wp:postmeta>
							</item>
					<item>
		<title><![CDATA[pexels-lisa-fotios-5653734]]></title>
		<link>https://dev-wahi-travel.pantheonsite.io/accuiel/pexels-lisa-fotios-5653734/</link>
		<pubDate>Mon, 15 Jan 2024 08:55:17 +0000</pubDate>
		<dc:creator><![CDATA[wahi travel]]></dc:creator>
		<guid isPermaLink="false">https://dev-wahi-travel.pantheonsite.io/wp-content/uploads/2024/01/pexels-lisa-fotios-5653734.jpg</guid>
		<description></description>
		<content:encoded><![CDATA[]]></content:encoded>
		<excerpt:encoded><![CDATA[]]></excerpt:encoded>
		<wp:post_id>308</wp:post_id>
		<wp:post_date><![CDATA[2024-01-15 08:55:17]]></wp:post_date>
		<wp:post_date_gmt><![CDATA[2024-01-15 08:55:17]]></wp:post_date_gmt>
		<wp:post_modified><![CDATA[2024-01-15 08:55:17]]></wp:post_modified>
		<wp:post_modified_gmt><![CDATA[2024-01-15 08:55:17]]></wp:post_modified_gmt>
		<wp:comment_status><![CDATA[open]]></wp:comment_status>
		<wp:ping_status><![CDATA[closed]]></wp:ping_status>
		<wp:post_name><![CDATA[pexels-lisa-fotios-5653734]]></wp:post_name>
		<wp:status><![CDATA[inherit]]></wp:status>
		<wp:post_parent>8</wp:post_parent>
		<wp:menu_order>0</wp:menu_order>
		<wp:post_type><![CDATA[attachment]]></wp:post_type>
		<wp:post_password><![CDATA[]]></wp:post_password>
		<wp:is_sticky>0</wp:is_sticky>
						<wp:attachment_url><![CDATA[https://dev-wahi-travel.pantheonsite.io/wp-content/uploads/2024/01/pexels-lisa-fotios-5653734-scaled.jpg]]></wp:attachment_url>
											<wp:postmeta>
		<wp:meta_key><![CDATA[_wp_attached_file]]></wp:meta_key>
		<wp:meta_value><![CDATA[2024/01/pexels-lisa-fotios-5653734-scaled.jpg]]></wp:meta_value>
		</wp:postmeta>
							<wp:postmeta>
		<wp:meta_key><![CDATA[_wp_attachment_metadata]]></wp:meta_key>
		<wp:meta_value><![CDATA[a:7:{s:5:"width";i:1920;s:6:"height";i:2560;s:4:"file";s:45:"2024/01/pexels-lisa-fotios-5653734-scaled.jpg";s:8:"filesize";i:1029634;s:5:"sizes";a:6:{s:6:"medium";a:5:{s:4:"file";s:38:"pexels-lisa-fotios-5653734-225x300.jpg";s:5:"width";i:225;s:6:"height";i:300;s:9:"mime-type";s:10:"image/jpeg";s:8:"filesize";i:28948;}s:5:"large";a:5:{s:4:"file";s:39:"pexels-lisa-fotios-5653734-768x1024.jpg";s:5:"width";i:768;s:6:"height";i:1024;s:9:"mime-type";s:10:"image/jpeg";s:8:"filesize";i:212765;}s:9:"thumbnail";a:5:{s:4:"file";s:38:"pexels-lisa-fotios-5653734-150x150.jpg";s:5:"width";i:150;s:6:"height";i:150;s:9:"mime-type";s:10:"image/jpeg";s:8:"filesize";i:12998;}s:12:"medium_large";a:5:{s:4:"file";s:39:"pexels-lisa-fotios-5653734-768x1024.jpg";s:5:"width";i:768;s:6:"height";i:1024;s:9:"mime-type";s:10:"image/jpeg";s:8:"filesize";i:212765;}s:9:"1536x1536";a:5:{s:4:"file";s:40:"pexels-lisa-fotios-5653734-1152x1536.jpg";s:5:"width";i:1152;s:6:"height";i:1536;s:9:"mime-type";s:10:"image/jpeg";s:8:"filesize";i:420046;}s:9:"2048x2048";a:5:{s:4:"file";s:40:"pexels-lisa-fotios-5653734-1536x2048.jpg";s:5:"width";i:1536;s:6:"height";i:2048;s:9:"mime-type";s:10:"image/jpeg";s:8:"filesize";i:690514;}}s:10:"image_meta";a:12:{s:8:"aperture";s:1:"0";s:6:"credit";s:0:"";s:6:"camera";s:0:"";s:7:"caption";s:0:"";s:17:"created_timestamp";s:1:"0";s:9:"copyright";s:0:"";s:12:"focal_length";s:1:"0";s:3:"iso";s:1:"0";s:13:"shutter_speed";s:1:"0";s:5:"title";s:0:"";s:11:"orientation";s:1:"0";s:8:"keywords";a:0:{}}s:14:"original_image";s:30:"pexels-lisa-fotios-5653734.jpg";}]]></wp:meta_value>
		</wp:postmeta>
							</item>
					<item>
		<title><![CDATA[hand-3285912_1280]]></title>
		<link>https://dev-wahi-travel.pantheonsite.io/elementor-hf/footer/hand-3285912_1280/</link>
		<pubDate>Mon, 15 Jan 2024 09:52:40 +0000</pubDate>
		<dc:creator><![CDATA[wahi travel]]></dc:creator>
		<guid isPermaLink="false">https://dev-wahi-travel.pantheonsite.io/wp-content/uploads/2024/01/hand-3285912_1280.jpg</guid>
		<description></description>
		<content:encoded><![CDATA[]]></content:encoded>
		<excerpt:encoded><![CDATA[]]></excerpt:encoded>
		<wp:post_id>326</wp:post_id>
		<wp:post_date><![CDATA[2024-01-15 09:52:40]]></wp:post_date>
		<wp:post_date_gmt><![CDATA[2024-01-15 09:52:40]]></wp:post_date_gmt>
		<wp:post_modified><![CDATA[2024-01-15 09:52:40]]></wp:post_modified>
		<wp:post_modified_gmt><![CDATA[2024-01-15 09:52:40]]></wp:post_modified_gmt>
		<wp:comment_status><![CDATA[open]]></wp:comment_status>
		<wp:ping_status><![CDATA[closed]]></wp:ping_status>
		<wp:post_name><![CDATA[hand-3285912_1280]]></wp:post_name>
		<wp:status><![CDATA[inherit]]></wp:status>
		<wp:post_parent>325</wp:post_parent>
		<wp:menu_order>0</wp:menu_order>
		<wp:post_type><![CDATA[attachment]]></wp:post_type>
		<wp:post_password><![CDATA[]]></wp:post_password>
		<wp:is_sticky>0</wp:is_sticky>
						<wp:attachment_url><![CDATA[https://dev-wahi-travel.pantheonsite.io/wp-content/uploads/2024/01/hand-3285912_1280.jpg]]></wp:attachment_url>
											<wp:postmeta>
		<wp:meta_key><![CDATA[_wp_attached_file]]></wp:meta_key>
		<wp:meta_value><![CDATA[2024/01/hand-3285912_1280.jpg]]></wp:meta_value>
		</wp:postmeta>
							<wp:postmeta>
		<wp:meta_key><![CDATA[_wp_attachment_metadata]]></wp:meta_key>
		<wp:meta_value><![CDATA[a:6:{s:5:"width";i:1280;s:6:"height";i:855;s:4:"file";s:29:"2024/01/hand-3285912_1280.jpg";s:8:"filesize";i:501197;s:5:"sizes";a:4:{s:6:"medium";a:5:{s:4:"file";s:29:"hand-3285912_1280-300x200.jpg";s:5:"width";i:300;s:6:"height";i:200;s:9:"mime-type";s:10:"image/jpeg";s:8:"filesize";i:16364;}s:5:"large";a:5:{s:4:"file";s:30:"hand-3285912_1280-1024x684.jpg";s:5:"width";i:1024;s:6:"height";i:684;s:9:"mime-type";s:10:"image/jpeg";s:8:"filesize";i:185426;}s:9:"thumbnail";a:5:{s:4:"file";s:29:"hand-3285912_1280-150x150.jpg";s:5:"width";i:150;s:6:"height";i:150;s:9:"mime-type";s:10:"image/jpeg";s:8:"filesize";i:7323;}s:12:"medium_large";a:5:{s:4:"file";s:29:"hand-3285912_1280-768x513.jpg";s:5:"width";i:768;s:6:"height";i:513;s:9:"mime-type";s:10:"image/jpeg";s:8:"filesize";i:108900;}}s:10:"image_meta";a:12:{s:8:"aperture";s:1:"0";s:6:"credit";s:0:"";s:6:"camera";s:0:"";s:7:"caption";s:0:"";s:17:"created_timestamp";s:1:"0";s:9:"copyright";s:0:"";s:12:"focal_length";s:1:"0";s:3:"iso";s:1:"0";s:13:"shutter_speed";s:1:"0";s:5:"title";s:0:"";s:11:"orientation";s:1:"0";s:8:"keywords";a:0:{}}}]]></wp:meta_value>
		</wp:postmeta>
							</item>
				</channel>
</rss>
	