<?xml version="1.0" encoding="UTF-8" ?>
<!-- This is a WordPress eXtended RSS file generated by WordPress as an export of your site. -->
<!-- It contains information about your site's posts, pages, comments, categories, and other content. -->
<!-- You may use this file to transfer that content from one site to another. -->
<!-- This file is not intended to serve as a complete backup of your site. -->

<!-- To import this information into a WordPress site follow these steps: -->
<!-- 1. Log in to that site as an administrator. -->
<!-- 2. Go to Tools: Import in the WordPress admin panel. -->
<!-- 3. Install the "WordPress" importer from the list. -->
<!-- 4. Activate & Run Importer. -->
<!-- 5. Upload this file using the form provided on that page. -->
<!-- 6. You will first be asked to map the authors in this export file to users -->
<!--    on the site. For each author, you may choose to map to an -->
<!--    existing user on the site or to create a new user. -->
<!-- 7. WordPress will then import each of the posts, pages, comments, categories, etc. -->
<!--    contained in this file into your site. -->

	<!-- generator="WordPress/6.4.2" created="2024-01-16 18:18" -->
<rss version="2.0"
	xmlns:excerpt="http://wordpress.org/export/1.2/excerpt/"
	xmlns:content="http://purl.org/rss/1.0/modules/content/"
	xmlns:wfw="http://wellformedweb.org/CommentAPI/"
	xmlns:dc="http://purl.org/dc/elements/1.1/"
	xmlns:wp="http://wordpress.org/export/1.2/"
>

<channel>
	<title>Wahi Travel</title>
	<link>https://dev-wahi-travel.pantheonsite.io</link>
	<description></description>
	<pubDate>Tue, 16 Jan 2024 18:18:55 +0000</pubDate>
	<language>fr-FR</language>
	<wp:wxr_version>1.2</wp:wxr_version>
	<wp:base_site_url>https://dev-wahi-travel.pantheonsite.io</wp:base_site_url>
	<wp:base_blog_url>https://dev-wahi-travel.pantheonsite.io</wp:base_blog_url>

		<wp:author><wp:author_id>1</wp:author_id><wp:author_login><![CDATA[wahi travel]]></wp:author_login><wp:author_email><![CDATA[wahibaharoun78@gmail.com]]></wp:author_email><wp:author_display_name><![CDATA[wahi travel]]></wp:author_display_name><wp:author_first_name><![CDATA[]]></wp:author_first_name><wp:author_last_name><![CDATA[]]></wp:author_last_name></wp:author>

				
	<generator>https://wordpress.org/?v=6.4.2</generator>

		<item>
		<title><![CDATA[Formidable Style]]></title>
		<link>https://dev-wahi-travel.pantheonsite.io/frm_styles/formidable-style/</link>
		<pubDate>Fri, 12 Jan 2024 19:24:05 +0000</pubDate>
		<dc:creator><![CDATA[wahi travel]]></dc:creator>
		<guid isPermaLink="false">https://dev-wahi-travel.pantheonsite.io/frm_styles/formidable-style/</guid>
		<description></description>
		<content:encoded><![CDATA[{"theme_css":"ui-lightness","theme_name":"UI Lightness","center_form":"","form_width":"100%","form_align":"left","direction":"ltr","fieldset":"0px","fieldset_color":"000000","fieldset_padding":"0 0 15px 0","fieldset_bg_color":"","title_size":"40px","title_color":"444444","title_margin_top":"10px","title_margin_bottom":"60px","form_desc_size":"14px","form_desc_color":"666666","form_desc_margin_top":"10px","form_desc_margin_bottom":"25px","form_desc_padding":"0","font":"","font_size":"15px","label_color":"3f4b5b","weight":"normal","position":"none","align":"left","width":"150px","required_color":"B94A48","required_weight":"bold","label_padding":"0 0 3px 0","description_font_size":"12px","description_color":"666666","description_weight":"normal","description_style":"normal","description_align":"left","description_margin":"0","field_font_size":"14px","field_height":"32px","line_height":"normal","field_width":"100%","auto_width":"","field_pad":"6px 10px","field_margin":"20px","field_weight":"normal","text_color":"555555","border_color":"bfc3c8","field_border_width":"1px","field_border_style":"solid","bg_color":"ffffff","remove_box_shadow":"","bg_color_active":"ffffff","border_color_active":"66afe9","remove_box_shadow_active":"","text_color_error":"444444","bg_color_error":"ffffff","border_color_error":"B94A48","border_width_error":"1px","border_style_error":"solid","bg_color_disabled":"ffffff","border_color_disabled":"E5E5E5","text_color_disabled":"A1A1A1","radio_align":"block","check_align":"block","check_font_size":"13px","check_label_color":"444444","check_weight":"normal","section_font_size":"18px","section_color":"444444","section_weight":"bold","section_pad":"15px 0 3px 0","section_mar_top":"15px","section_mar_bottom":"30px","section_bg_color":"","section_border_color":"e8e8e8","section_border_width":"2px","section_border_style":"solid","section_border_loc":"-top","collapse_icon":"6","collapse_pos":"after","repeat_icon":"1","repeat_icon_color":"ffffff","submit_style":"","submit_font_size":"15px","submit_width":"auto","submit_height":"auto","submit_bg_color":"579AF6","submit_border_color":"579AF6","submit_border_width":"1px","submit_text_color":"ffffff","submit_weight":"normal","submit_border_radius":"4px","submit_bg_img":"","submit_margin":"10px","submit_padding":"10px 20px","submit_shadow_color":"eeeeee","submit_hover_bg_color":"efefef","submit_hover_color":"444444","submit_hover_border_color":"cccccc","submit_active_bg_color":"efefef","submit_active_color":"444444","submit_active_border_color":"cccccc","border_radius":"4px","error_bg":"F2DEDE","error_border":"EBCCD1","error_text":"B94A48","error_font_size":"14px","success_bg_color":"DFF0D8","success_border_color":"D6E9C6","success_text_color":"468847","success_font_size":"14px","important_style":"","progress_bg_color":"eaeaea","progress_active_color":"ffffff","progress_active_bg_color":"579AF6","progress_color":"3f4b5b","progress_border_color":"E5E5E5","progress_border_size":"2px","progress_size":"24px","custom_css":""}]]></content:encoded>
		<excerpt:encoded><![CDATA[]]></excerpt:encoded>
		<wp:post_id>31</wp:post_id>
		<wp:post_date><![CDATA[2024-01-12 19:24:05]]></wp:post_date>
		<wp:post_date_gmt><![CDATA[2024-01-12 19:24:05]]></wp:post_date_gmt>
		<wp:post_modified><![CDATA[2024-01-13 15:53:30]]></wp:post_modified>
		<wp:post_modified_gmt><![CDATA[2024-01-13 15:53:30]]></wp:post_modified_gmt>
		<wp:comment_status><![CDATA[closed]]></wp:comment_status>
		<wp:ping_status><![CDATA[closed]]></wp:ping_status>
		<wp:post_name><![CDATA[formidable-style]]></wp:post_name>
		<wp:status><![CDATA[publish]]></wp:status>
		<wp:post_parent>0</wp:post_parent>
		<wp:menu_order>1</wp:menu_order>
		<wp:post_type><![CDATA[frm_styles]]></wp:post_type>
		<wp:post_password><![CDATA[]]></wp:post_password>
		<wp:is_sticky>0</wp:is_sticky>
														</item>
				</channel>
</rss>
	