<?xml version="1.0" encoding="UTF-8" ?>
<!-- This is a WordPress eXtended RSS file generated by WordPress as an export of your site. -->
<!-- It contains information about your site's posts, pages, comments, categories, and other content. -->
<!-- You may use this file to transfer that content from one site to another. -->
<!-- This file is not intended to serve as a complete backup of your site. -->

<!-- To import this information into a WordPress site follow these steps: -->
<!-- 1. Log in to that site as an administrator. -->
<!-- 2. Go to Tools: Import in the WordPress admin panel. -->
<!-- 3. Install the "WordPress" importer from the list. -->
<!-- 4. Activate & Run Importer. -->
<!-- 5. Upload this file using the form provided on that page. -->
<!-- 6. You will first be asked to map the authors in this export file to users -->
<!--    on the site. For each author, you may choose to map to an -->
<!--    existing user on the site or to create a new user. -->
<!-- 7. WordPress will then import each of the posts, pages, comments, categories, etc. -->
<!--    contained in this file into your site. -->

	<!-- generator="WordPress/6.4.2" created="2024-01-16 18:19" -->
<rss version="2.0"
	xmlns:excerpt="http://wordpress.org/export/1.2/excerpt/"
	xmlns:content="http://purl.org/rss/1.0/modules/content/"
	xmlns:wfw="http://wellformedweb.org/CommentAPI/"
	xmlns:dc="http://purl.org/dc/elements/1.1/"
	xmlns:wp="http://wordpress.org/export/1.2/"
>

<channel>
	<title>Wahi Travel</title>
	<link>https://dev-wahi-travel.pantheonsite.io</link>
	<description></description>
	<pubDate>Tue, 16 Jan 2024 18:19:02 +0000</pubDate>
	<language>fr-FR</language>
	<wp:wxr_version>1.2</wp:wxr_version>
	<wp:base_site_url>https://dev-wahi-travel.pantheonsite.io</wp:base_site_url>
	<wp:base_blog_url>https://dev-wahi-travel.pantheonsite.io</wp:base_blog_url>

		<wp:author><wp:author_id>1</wp:author_id><wp:author_login><![CDATA[wahi travel]]></wp:author_login><wp:author_email><![CDATA[wahibaharoun78@gmail.com]]></wp:author_email><wp:author_display_name><![CDATA[wahi travel]]></wp:author_display_name><wp:author_first_name><![CDATA[]]></wp:author_first_name><wp:author_last_name><![CDATA[]]></wp:author_last_name></wp:author>

				
	<generator>https://wordpress.org/?v=6.4.2</generator>

		<item>
		<title><![CDATA[footer]]></title>
		<link>https://dev-wahi-travel.pantheonsite.io/elementor-hf/footer/</link>
		<pubDate>Mon, 15 Jan 2024 09:58:29 +0000</pubDate>
		<dc:creator><![CDATA[wahi travel]]></dc:creator>
		<guid isPermaLink="false">https://dev-wahi-travel.pantheonsite.io/?post_type=elementor-hf&#038;p=325</guid>
		<description></description>
		<content:encoded><![CDATA[<h2><a href="https://dev-wahi-travel.pantheonsite.io/contact/">Nous Contactez</a></h2>		
					<ul>
							<li>
							<svg aria-hidden="true" viewBox="0 0 512 512" xmlns="http://www.w3.org/2000/svg"><path d="M497.39 361.8l-112-48a24 24 0 0 0-28 6.9l-49.6 60.6A370.66 370.66 0 0 1 130.6 204.11l60.6-49.6a23.94 23.94 0 0 0 6.9-28l-48-112A24.16 24.16 0 0 0 122.6.61l-104 24A24 24 0 0 0 0 48c0 256.5 207.9 464 464 464a24 24 0 0 0 23.4-18.6l24-104a24.29 24.29 0 0 0-14.01-27.6z"></path></svg>						
										16 112233
									</li>
								<li>
							<svg aria-hidden="true" viewBox="0 0 512 512" xmlns="http://www.w3.org/2000/svg"><path d="M176 216h160c8.84 0 16-7.16 16-16v-16c0-8.84-7.16-16-16-16H176c-8.84 0-16 7.16-16 16v16c0 8.84 7.16 16 16 16zm-16 80c0 8.84 7.16 16 16 16h160c8.84 0 16-7.16 16-16v-16c0-8.84-7.16-16-16-16H176c-8.84 0-16 7.16-16 16v16zm96 121.13c-16.42 0-32.84-5.06-46.86-15.19L0 250.86V464c0 26.51 21.49 48 48 48h416c26.51 0 48-21.49 48-48V250.86L302.86 401.94c-14.02 10.12-30.44 15.19-46.86 15.19zm237.61-254.18c-8.85-6.94-17.24-13.47-29.61-22.81V96c0-26.51-21.49-48-48-48h-77.55c-3.04-2.2-5.87-4.26-9.04-6.56C312.6 29.17 279.2-.35 256 0c-23.2-.35-56.59 29.17-73.41 41.44-3.17 2.3-6 4.36-9.04 6.56H96c-26.51 0-48 21.49-48 48v44.14c-12.37 9.33-20.76 15.87-29.61 22.81A47.995 47.995 0 0 0 0 200.72v10.65l96 69.35V96h320v184.72l96-69.35v-10.65c0-14.74-6.78-28.67-18.39-37.77z"></path></svg>						
										contact@wahitravel.com
									</li>
								<li>
							<svg aria-hidden="true" viewBox="0 0 576 512" xmlns="http://www.w3.org/2000/svg"><path d="M288 32C128.94 32 0 160.94 0 320c0 52.8 14.25 102.26 39.06 144.8 5.61 9.62 16.3 15.2 27.44 15.2h443c11.14 0 21.83-5.58 27.44-15.2C561.75 422.26 576 372.8 576 320c0-159.06-128.94-288-288-288zm0 64c14.71 0 26.58 10.13 30.32 23.65-1.11 2.26-2.64 4.23-3.45 6.67l-9.22 27.67c-5.13 3.49-10.97 6.01-17.64 6.01-17.67 0-32-14.33-32-32S270.33 96 288 96zM96 384c-17.67 0-32-14.33-32-32s14.33-32 32-32 32 14.33 32 32-14.33 32-32 32zm48-160c-17.67 0-32-14.33-32-32s14.33-32 32-32 32 14.33 32 32-14.33 32-32 32zm246.77-72.41l-61.33 184C343.13 347.33 352 364.54 352 384c0 11.72-3.38 22.55-8.88 32H232.88c-5.5-9.45-8.88-20.28-8.88-32 0-33.94 26.5-61.43 59.9-63.59l61.34-184.01c4.17-12.56 17.73-19.45 30.36-15.17 12.57 4.19 19.35 17.79 15.17 30.36zm14.66 57.2l15.52-46.55c3.47-1.29 7.13-2.23 11.05-2.23 17.67 0 32 14.33 32 32s-14.33 32-32 32c-11.38-.01-20.89-6.28-26.57-15.22zM480 384c-17.67 0-32-14.33-32-32s14.33-32 32-32 32 14.33 32 32-14.33 32-32 32z"></path></svg>						
										Du lundi au samdi de 8h à16h
									</li>
						</ul>
			<h2>Trouvez Nous 
</h2>		
			<h2><a href="https://dev-wahi-travel.pantheonsite.io/contact/">wahi   Ravel
24 rue de léglise ,Nantes
</a></h2>		
			<h2>Nous Suivrez</h2>		
					<a target="_blank" rel="noopener">
						Facebook
						<svg viewBox="0 0 512 512" xmlns="http://www.w3.org/2000/svg"><path d="M504 256C504 119 393 8 256 8S8 119 8 256c0 123.78 90.69 226.38 209.25 245V327.69h-63V256h63v-54.64c0-62.15 37-96.48 93.67-96.48 27.14 0 55.52 4.84 55.52 4.84v61h-31.28c-30.8 0-40.41 19.12-40.41 38.73V256h68.78l-11 71.69h-57.78V501C413.31 482.38 504 379.78 504 256z"></path></svg>					</a>
					<a target="_blank" rel="noopener">
						Twitter
						<svg viewBox="0 0 512 512" xmlns="http://www.w3.org/2000/svg"><path d="M459.37 151.716c.325 4.548.325 9.097.325 13.645 0 138.72-105.583 298.558-298.558 298.558-59.452 0-114.68-17.219-161.137-47.106 8.447.974 16.568 1.299 25.34 1.299 49.055 0 94.213-16.568 130.274-44.832-46.132-.975-84.792-31.188-98.112-72.772 6.498.974 12.995 1.624 19.818 1.624 9.421 0 18.843-1.3 27.614-3.573-48.081-9.747-84.143-51.98-84.143-102.985v-1.299c13.969 7.797 30.214 12.67 47.431 13.319-28.264-18.843-46.781-51.005-46.781-87.391 0-19.492 5.197-37.36 14.294-52.954 51.655 63.675 129.3 105.258 216.365 109.807-1.624-7.797-2.599-15.918-2.599-24.04 0-57.828 46.782-104.934 104.934-104.934 30.213 0 57.502 12.67 76.67 33.137 23.715-4.548 46.456-13.32 66.599-25.34-7.798 24.366-24.366 44.833-46.132 57.827 21.117-2.273 41.584-8.122 60.426-16.243-14.292 20.791-32.161 39.308-52.628 54.253z"></path></svg>					</a>
					<a target="_blank" rel="noopener">
						Youtube
						<svg viewBox="0 0 576 512" xmlns="http://www.w3.org/2000/svg"><path d="M549.655 124.083c-6.281-23.65-24.787-42.276-48.284-48.597C458.781 64 288 64 288 64S117.22 64 74.629 75.486c-23.497 6.322-42.003 24.947-48.284 48.597-11.412 42.867-11.412 132.305-11.412 132.305s0 89.438 11.412 132.305c6.281 23.65 24.787 41.5 48.284 47.821C117.22 448 288 448 288 448s170.78 0 213.371-11.486c23.497-6.321 42.003-24.171 48.284-47.821 11.412-42.867 11.412-132.305 11.412-132.305s0-89.438-11.412-132.305zm-317.51 213.508V175.185l142.739 81.205-142.739 81.201z"></path></svg>					</a>
		<p>Mentions <a href="http://&quot;mentions legales" data-wplink-url-error="true">légales</a></p>]]></content:encoded>
		<excerpt:encoded><![CDATA[]]></excerpt:encoded>
		<wp:post_id>325</wp:post_id>
		<wp:post_date><![CDATA[2024-01-15 09:58:29]]></wp:post_date>
		<wp:post_date_gmt><![CDATA[2024-01-15 09:58:29]]></wp:post_date_gmt>
		<wp:post_modified><![CDATA[2024-01-15 10:26:13]]></wp:post_modified>
		<wp:post_modified_gmt><![CDATA[2024-01-15 10:26:13]]></wp:post_modified_gmt>
		<wp:comment_status><![CDATA[closed]]></wp:comment_status>
		<wp:ping_status><![CDATA[closed]]></wp:ping_status>
		<wp:post_name><![CDATA[footer]]></wp:post_name>
		<wp:status><![CDATA[publish]]></wp:status>
		<wp:post_parent>0</wp:post_parent>
		<wp:menu_order>0</wp:menu_order>
		<wp:post_type><![CDATA[elementor-hf]]></wp:post_type>
		<wp:post_password><![CDATA[]]></wp:post_password>
		<wp:is_sticky>0</wp:is_sticky>
														<wp:postmeta>
		<wp:meta_key><![CDATA[_edit_last]]></wp:meta_key>
		<wp:meta_value><![CDATA[1]]></wp:meta_value>
		</wp:postmeta>
							<wp:postmeta>
		<wp:meta_key><![CDATA[_elementor_edit_mode]]></wp:meta_key>
		<wp:meta_value><![CDATA[builder]]></wp:meta_value>
		</wp:postmeta>
							<wp:postmeta>
		<wp:meta_key><![CDATA[_elementor_template_type]]></wp:meta_key>
		<wp:meta_value><![CDATA[wp-post]]></wp:meta_value>
		</wp:postmeta>
							<wp:postmeta>
		<wp:meta_key><![CDATA[_elementor_version]]></wp:meta_key>
		<wp:meta_value><![CDATA[3.18.3]]></wp:meta_value>
		</wp:postmeta>
							<wp:postmeta>
		<wp:meta_key><![CDATA[_astra_content_layout_flag]]></wp:meta_key>
		<wp:meta_value><![CDATA[disabled]]></wp:meta_value>
		</wp:postmeta>
							<wp:postmeta>
		<wp:meta_key><![CDATA[site-post-title]]></wp:meta_key>
		<wp:meta_value><![CDATA[disabled]]></wp:meta_value>
		</wp:postmeta>
							<wp:postmeta>
		<wp:meta_key><![CDATA[ast-title-bar-display]]></wp:meta_key>
		<wp:meta_value><![CDATA[disabled]]></wp:meta_value>
		</wp:postmeta>
							<wp:postmeta>
		<wp:meta_key><![CDATA[ast-featured-img]]></wp:meta_key>
		<wp:meta_value><![CDATA[disabled]]></wp:meta_value>
		</wp:postmeta>
							<wp:postmeta>
		<wp:meta_key><![CDATA[ast-site-content-layout]]></wp:meta_key>
		<wp:meta_value><![CDATA[full-width-container]]></wp:meta_value>
		</wp:postmeta>
							<wp:postmeta>
		<wp:meta_key><![CDATA[site-sidebar-layout]]></wp:meta_key>
		<wp:meta_value><![CDATA[no-sidebar]]></wp:meta_value>
		</wp:postmeta>
							<wp:postmeta>
		<wp:meta_key><![CDATA[_wp_page_template]]></wp:meta_key>
		<wp:meta_value><![CDATA[default]]></wp:meta_value>
		</wp:postmeta>
							<wp:postmeta>
		<wp:meta_key><![CDATA[_elementor_data]]></wp:meta_key>
		<wp:meta_value><![CDATA[[{"id":"5c03fca","elType":"container","settings":{"flex_direction":"row","flex_gap":{"unit":"px","size":0,"column":"0","row":"0"},"content_width":"full","min_height":{"unit":"px","size":156,"sizes":[]},"background_background":"classic","background_color":"#111111","background_overlay_background":"classic","background_overlay_image":{"url":"https:\/\/dev-wahi-travel.pantheonsite.io\/wp-content\/uploads\/2024\/01\/hand-3285912_1280-150x150.jpg","id":326,"size":"thumbnail","alt":"","source":"library"},"__globals__":{"background_color":"globals\/colors?id=astglobalcolor8","background_overlay_color":"globals\/colors?id=astglobalcolor7"}},"elements":[{"id":"3ede6c5","elType":"container","settings":{"flex_direction":"column","content_width":"full","width":{"unit":"%","size":"25"}},"elements":[{"id":"9fae259","elType":"widget","settings":{"title":"Nous Contactez","link":{"url":"https:\/\/dev-wahi-travel.pantheonsite.io\/contact\/","is_external":"","nofollow":"","custom_attributes":""},"align":"center","typography_typography":"custom","typography_font_family":"Roboto","typography_font_size":{"unit":"px","size":21,"sizes":[]},"typography_font_weight":"600","__globals__":{"title_color":"globals\/colors?id=astglobalcolor7"}},"elements":[],"widgetType":"heading"},{"id":"44f77f4","elType":"widget","settings":{"icon_list":[{"text":"16 112233","selected_icon":{"value":"fas fa-phone-alt","library":"fa-solid"},"_id":"b7d1b5d"},{"text":"contact@wahitravel.com","selected_icon":{"value":"fas fa-envelope-open-text","library":"fa-solid"},"_id":"b9283e9"},{"text":"Du lundi au samdi de 8h \u00e016h","selected_icon":{"value":"fas fa-tachometer-alt","library":"fa-solid"},"_id":"306e7f8"}],"icon_typography_typography":"custom","icon_typography_font_family":"Roboto","icon_typography_font_weight":"400","__globals__":{"text_color":"globals\/colors?id=astglobalcolor5"}},"elements":[],"widgetType":"icon-list"}],"isInner":true},{"id":"0699aac","elType":"container","settings":{"flex_direction":"column","content_width":"full","width":{"unit":"%","size":"50"}},"elements":[{"id":"88ab91e","elType":"widget","settings":{"title":"Trouvez Nous \n\n","align":"center","typography_typography":"custom","typography_font_family":"Roboto","typography_font_size":{"unit":"px","size":21,"sizes":[]},"typography_font_weight":"600","__globals__":{"title_color":"globals\/colors?id=astglobalcolor7"}},"elements":[],"widgetType":"heading"},{"id":"aa4e7e6","elType":"widget","settings":{"title":"wahi   Ravel\n24 rue de l\u00e9glise ,Nantes\n","link":{"url":"https:\/\/dev-wahi-travel.pantheonsite.io\/contact\/","is_external":"","nofollow":"","custom_attributes":""},"align":"center","typography_typography":"custom","typography_font_family":"Roboto","typography_font_size":{"unit":"px","size":21,"sizes":[]},"typography_font_weight":"600","__globals__":{"title_color":"globals\/colors?id=astglobalcolor5"}},"elements":[],"widgetType":"heading"}],"isInner":true},{"id":"45b8baf","elType":"container","settings":{"flex_direction":"column","content_width":"full","width":{"unit":"%","size":"25"}},"elements":[{"id":"1e340a5","elType":"widget","settings":{"title":"Nous Suivrez","align":"center","typography_typography":"custom","typography_font_family":"Roboto","typography_font_size":{"unit":"px","size":21,"sizes":[]},"typography_font_weight":"600","__globals__":{"title_color":"globals\/colors?id=astglobalcolor8"}},"elements":[],"widgetType":"heading"},{"id":"2d762b4","elType":"widget","settings":{"social_icon_list":[{"social_icon":{"value":"fab fa-facebook","library":"fa-brands"},"_id":"d6fdb9e"},{"social_icon":{"value":"fab fa-twitter","library":"fa-brands"},"_id":"8da1f91"},{"social_icon":{"value":"fab fa-youtube","library":"fa-brands"},"_id":"6774827"}],"icon_size":{"unit":"px","size":24,"sizes":[]},"icon_padding":{"unit":"em","size":0.3,"sizes":[]},"_margin":{"unit":"px","top":"0","right":"0","bottom":"0","left":"0","isLinked":true}},"elements":[],"widgetType":"social-icons"}],"isInner":true}],"isInner":false},{"id":"8567dd3","elType":"container","settings":{"content_width":"full","background_background":"classic","background_image":{"url":"https:\/\/dev-wahi-travel.pantheonsite.io\/wp-content\/uploads\/2024\/01\/hand-3285912_1280-150x150.jpg","id":326,"size":"thumbnail","alt":"","source":"library"}},"elements":[{"id":"641bd76","elType":"widget","settings":{"editor":"<p>Mentions <a href=\"http:\/\/&quot;mentions legales\" data-wplink-url-error=\"true\">l\u00e9gales<\/a><\/p>","align":"center","_margin":{"unit":"px","top":"-2","right":"0","bottom":"0","left":"0","isLinked":false},"__globals__":{"text_color":"globals\/colors?id=astglobalcolor2"}},"elements":[],"widgetType":"text-editor"}],"isInner":false}]]]></wp:meta_value>
		</wp:postmeta>
							<wp:postmeta>
		<wp:meta_key><![CDATA[_elementor_page_assets]]></wp:meta_key>
		<wp:meta_value><![CDATA[a:0:{}]]></wp:meta_value>
		</wp:postmeta>
							<wp:postmeta>
		<wp:meta_key><![CDATA[_yoast_wpseo_estimated-reading-time-minutes]]></wp:meta_key>
		<wp:meta_value><![CDATA[1]]></wp:meta_value>
		</wp:postmeta>
							<wp:postmeta>
		<wp:meta_key><![CDATA[_yoast_wpseo_content_score]]></wp:meta_key>
		<wp:meta_value><![CDATA[90]]></wp:meta_value>
		</wp:postmeta>
							<wp:postmeta>
		<wp:meta_key><![CDATA[_elementor_controls_usage]]></wp:meta_key>
		<wp:meta_value><![CDATA[a:5:{s:7:"heading";a:3:{s:5:"count";i:4;s:15:"control_percent";i:2;s:8:"controls";a:2:{s:7:"content";a:1:{s:13:"section_title";a:3:{s:5:"title";i:4;s:4:"link";i:2;s:5:"align";i:4;}}s:5:"style";a:1:{s:19:"section_title_style";a:4:{s:21:"typography_typography";i:4;s:22:"typography_font_family";i:4;s:20:"typography_font_size";i:4;s:22:"typography_font_weight";i:4;}}}}s:9:"icon-list";a:3:{s:5:"count";i:1;s:15:"control_percent";i:1;s:8:"controls";a:2:{s:7:"content";a:1:{s:12:"section_icon";a:1:{s:9:"icon_list";i:1;}}s:5:"style";a:1:{s:18:"section_text_style";a:3:{s:26:"icon_typography_typography";i:1;s:27:"icon_typography_font_family";i:1;s:27:"icon_typography_font_weight";i:1;}}}}s:9:"container";a:3:{s:5:"count";i:5;s:15:"control_percent";i:1;s:8:"controls";a:2:{s:6:"layout";a:1:{s:24:"section_layout_container";a:5:{s:14:"flex_direction";i:4;s:13:"content_width";i:5;s:5:"width";i:3;s:8:"flex_gap";i:1;s:10:"min_height";i:1;}}s:5:"style";a:2:{s:18:"section_background";a:3:{s:21:"background_background";i:2;s:16:"background_color";i:1;s:16:"background_image";i:1;}s:26:"section_background_overlay";a:2:{s:29:"background_overlay_background";i:1;s:24:"background_overlay_image";i:1;}}}}s:12:"social-icons";a:3:{s:5:"count";i:1;s:15:"control_percent";i:1;s:8:"controls";a:3:{s:7:"content";a:1:{s:19:"section_social_icon";a:1:{s:16:"social_icon_list";i:1;}}s:5:"style";a:1:{s:20:"section_social_style";a:2:{s:9:"icon_size";i:1;s:12:"icon_padding";i:1;}}s:8:"advanced";a:1:{s:14:"_section_style";a:1:{s:7:"_margin";i:1;}}}}s:11:"text-editor";a:3:{s:5:"count";i:1;s:15:"control_percent";i:1;s:8:"controls";a:3:{s:7:"content";a:1:{s:14:"section_editor";a:1:{s:6:"editor";i:1;}}s:5:"style";a:1:{s:13:"section_style";a:1:{s:5:"align";i:1;}}s:8:"advanced";a:1:{s:14:"_section_style";a:1:{s:7:"_margin";i:1;}}}}}]]></wp:meta_value>
		</wp:postmeta>
							</item>
				</channel>
</rss>
	