<?xml version="1.0" encoding="UTF-8" ?>
<!-- This is a WordPress eXtended RSS file generated by WordPress as an export of your site. -->
<!-- It contains information about your site's posts, pages, comments, categories, and other content. -->
<!-- You may use this file to transfer that content from one site to another. -->
<!-- This file is not intended to serve as a complete backup of your site. -->

<!-- To import this information into a WordPress site follow these steps: -->
<!-- 1. Log in to that site as an administrator. -->
<!-- 2. Go to Tools: Import in the WordPress admin panel. -->
<!-- 3. Install the "WordPress" importer from the list. -->
<!-- 4. Activate & Run Importer. -->
<!-- 5. Upload this file using the form provided on that page. -->
<!-- 6. You will first be asked to map the authors in this export file to users -->
<!--    on the site. For each author, you may choose to map to an -->
<!--    existing user on the site or to create a new user. -->
<!-- 7. WordPress will then import each of the posts, pages, comments, categories, etc. -->
<!--    contained in this file into your site. -->

	<!-- generator="WordPress/6.4.2" created="2024-01-16 18:18" -->
<rss version="2.0"
	xmlns:excerpt="http://wordpress.org/export/1.2/excerpt/"
	xmlns:content="http://purl.org/rss/1.0/modules/content/"
	xmlns:wfw="http://wellformedweb.org/CommentAPI/"
	xmlns:dc="http://purl.org/dc/elements/1.1/"
	xmlns:wp="http://wordpress.org/export/1.2/"
>

<channel>
	<title>Wahi Travel</title>
	<link>https://dev-wahi-travel.pantheonsite.io</link>
	<description></description>
	<pubDate>Tue, 16 Jan 2024 18:18:52 +0000</pubDate>
	<language>fr-FR</language>
	<wp:wxr_version>1.2</wp:wxr_version>
	<wp:base_site_url>https://dev-wahi-travel.pantheonsite.io</wp:base_site_url>
	<wp:base_blog_url>https://dev-wahi-travel.pantheonsite.io</wp:base_blog_url>

		<wp:author><wp:author_id>1</wp:author_id><wp:author_login><![CDATA[wahi travel]]></wp:author_login><wp:author_email><![CDATA[wahibaharoun78@gmail.com]]></wp:author_email><wp:author_display_name><![CDATA[wahi travel]]></wp:author_display_name><wp:author_first_name><![CDATA[]]></wp:author_first_name><wp:author_last_name><![CDATA[]]></wp:author_last_name></wp:author>

				
	<generator>https://wordpress.org/?v=6.4.2</generator>

		<item>
		<title><![CDATA[Default Kit]]></title>
		<link>https://dev-wahi-travel.pantheonsite.io/?elementor_library=default-kit</link>
		<pubDate>Fri, 12 Jan 2024 19:24:03 +0000</pubDate>
		<dc:creator><![CDATA[wahi travel]]></dc:creator>
		<guid isPermaLink="false">https://dev-wahi-travel.pantheonsite.io/?p=29</guid>
		<description></description>
		<content:encoded><![CDATA[]]></content:encoded>
		<excerpt:encoded><![CDATA[]]></excerpt:encoded>
		<wp:post_id>29</wp:post_id>
		<wp:post_date><![CDATA[2024-01-12 19:24:03]]></wp:post_date>
		<wp:post_date_gmt><![CDATA[2024-01-12 19:24:03]]></wp:post_date_gmt>
		<wp:post_modified><![CDATA[2024-01-13 07:21:04]]></wp:post_modified>
		<wp:post_modified_gmt><![CDATA[2024-01-13 07:21:04]]></wp:post_modified_gmt>
		<wp:comment_status><![CDATA[closed]]></wp:comment_status>
		<wp:ping_status><![CDATA[closed]]></wp:ping_status>
		<wp:post_name><![CDATA[default-kit]]></wp:post_name>
		<wp:status><![CDATA[publish]]></wp:status>
		<wp:post_parent>0</wp:post_parent>
		<wp:menu_order>0</wp:menu_order>
		<wp:post_type><![CDATA[elementor_library]]></wp:post_type>
		<wp:post_password><![CDATA[]]></wp:post_password>
		<wp:is_sticky>0</wp:is_sticky>
														<wp:postmeta>
		<wp:meta_key><![CDATA[_elementor_edit_mode]]></wp:meta_key>
		<wp:meta_value><![CDATA[builder]]></wp:meta_value>
		</wp:postmeta>
							<wp:postmeta>
		<wp:meta_key><![CDATA[_elementor_template_type]]></wp:meta_key>
		<wp:meta_value><![CDATA[kit]]></wp:meta_value>
		</wp:postmeta>
							<wp:postmeta>
		<wp:meta_key><![CDATA[_wp_page_template]]></wp:meta_key>
		<wp:meta_value><![CDATA[default]]></wp:meta_value>
		</wp:postmeta>
							<wp:postmeta>
		<wp:meta_key><![CDATA[_elementor_page_settings]]></wp:meta_key>
		<wp:meta_value><![CDATA[a:1:{s:9:"site_name";s:11:"Wahi Travel";}]]></wp:meta_value>
		</wp:postmeta>
							</item>
				</channel>
</rss>
	